Maria,0
Leonor,0
Matilde,0
Beatriz,0
Carolina,0
Mariana,0
Ana,0
Sofia,0
Francisca,0
Inês,0
Margarida,0
Clara,0
Lara,0
Alice,0
Laura,0
Benedita,0
Diana,0
Madalena,0
Joana,0
Camila,0
Bianca,0
Mafalda,0
Íris,0
Vitória,0
Constança,0
Luana,0
Sara,0
Letícia,0
Gabriela,0
Rita,0
Eva,0
Mara,0
Yara,0
Ema,0
Ariana,0
Luísa,0
Carlota,0
Yasmin,0
Carminho,0
Helena,0
Catarina,0
Valentina,0
Victória,0
Júlia,0
Alícia,0
Marta,0
Noa,0
Rafaela,0
Kyara,0
Teresa,0
Nicole,0
Melissa,0
Iara,0
Bruna,0
Luena,0
Isabel,0
Daniela,0
Núria,0
Miriam,0
Filipa,0
Luna,0
Lia,0
Raquel,0
Bárbara,0
Caetana,0
Mia,0
Áurea,0
Aurora,0
Juliana,0
Olívia,0
Amélia,0
Jéssica,0
Kelly,0
Érica,0
Pilar,0
Naiara,0
Mélanie,0
Isabela,0
Adriana,0
Débora,0
Lorena,0
Isis,0
Emma,0
Julieta,0
Alexandra,0
Elisa,0
Frederica,0
Soraia,0
Tatiana,0
Eduarda,0
Chloe,0
Safira,0
Isabella,0
Mayara,0
Rosa,0
Emília,0
Vera,0
Sophia,0
Fabiana,0
Flor,0
Irina,0
Petra,0
Paloma,0
Luciana,0
Nádia,0
Luz,0
Alana,0
Ester,0
Aline,0
Larissa,0
Nair,0
Salomé,0
Renata,0
Dânia,0
Sarah,0
Victoria,0
Andreia,0
Emily,0
Anita,0
Patrícia,0
Bia,0
Verónica,0
Iris,0
Serena,0
Nayara,0
Cristiana,0
Dalila,0
Cláudia,0
Lúcia,0
Carla,0
Ângela,0
Neuza,0
Simone,0
Tamara,0
Clarisse,0
Carmo,0
Raissa,0
Maiara,0
Liara,0
Eliane,0
Cristina,0
Isa,0
Samira,0
Violeta,0
Estrela,0
Melanie,0
Anna,0
Giovana,0
Valéria,0
Micaela,0
Jacinta,0
Kiara,0
Sandra,0
Liliana,0
Cíntia,0
India,0
Liane,0
Marisa,0
Natacha,0
Rute,0
Telma,0
Irís,0
Eliana,0
Jade,0
Samara,0
Susana,0
Cátia,0
Elsa,0
Carina,0
Mónica,0
Ayla,0
Rebeca,0
Briana,0
Oriana,0
Aruna,0
Rosarinho,0
Alicia,0
Olivia,0
Fátima,0
Yasmine,0
Dara,0
Penélope,0
Heloísa,0
Maísa,0
Luisa,0
Paula,0
Flávia,0
Lya,0
Erica,0
Leticia,0
Nina,0
Aisha,0
Kayla,0
Andrea,0
Aléxia,0
Priscila,0
Evelyn,0
Vânia,0
Emilly,0
Jasmine,0
Ariane,0
Tamára,0
Liana,0
Elena,0
Ariele,0
Giovanna,0
Lea,0
Abigail,0
Ísis,0
Cecília,0
Milena,0
Márcia,0
Amália,0
Manuela,0
Marina,0
Ionara,0
Maya,0
Glória,0
Erika,0
Samanta,0
Lívia,0
Ellen,0
Solange,0
Milana,0
Simara,0
Naomi,0
Antónia,0
Angelina,0
Vanessa,0
Amanda,0
Zara,0
Taís,0
Riana,0
Angélica,0
Chloé,0
Natália,0
Carmen,0
Martina,0
Eunice,0
Michelle,0
Denise,0
Ciara,0
Cloé,0
Dayane,0
Esther,0
Pérola,0
Clarinha,0
Joice,0
Isadora,0
Brenda,0
Tânia,0
Jennifer,0
Sónia,0
Esperança,0
Stephanie,0
Ashley,0
Surya,0
Oceana,0
Sílvia,0
Mathilde,0
Suri,0
Anamar,0
Matilda,0
Cloe,0
Lídia,0
Aylla,0
Sabrina,0
Rayssa,0
Fernanda,0
Elisabete,0
Daisi,0
Geovanna,0
Iasmin,0
Anaísa,0
Marisol,0
Jénifer,0
Lunna,0
Lisa,0
Alexia,0
Luzia,0
Eleonor,0
Mila,0
Mayra,0
Mariama,0
Ariela,0
Leandra,0
Gabriella,0
Nídia,0
Isaura,0
Taísa,0
Samaritana,0
Karen,0
Anaya,0
Graça,0
Morgana,0
Camilla,0
Sienna,0
Nayla,0
Maura,0
Yohanna,0
Zoé,0
Maia,0
Edna,0
Giulia,0
Sol,0
Angela,0
Viviane,0
Deise,0
Carol,0
Vanda,0
Nara,0
Anastasia,0
Jussara,0
Charlotte,0
Taíssa,0
Thaís,0
Melinda,0
Silvana,0
Yasmim,0
Jessica,0
Ivone,0
Alexa,0
Guadalupe,0
Keyla,0
Miranda,0
Cármen,0
Lucy,0
Celeste,0
Filomena,0
Nadine,0
Eloá,0
Raíssa,0
Adelina,0
Aysha,0
Hannah,0
Mercês,0
Naísa,0
Leah,0
Leia,0
Dália,0
Karina,0
Kaylane,0
Arina,0
Doriana,0
Josiane,0
Regina,0
Melânia,0
Anaís,0
Ariel,0
Laís,0
Hadassa,0
Sophie,0
Esmeralda,0
Lisandra,0
Suéli,0
Leila,0
Naíma,0
Irene,0
Antonella,0
Maitê,0
Lis,0
Magda,0
Lais,0
Stella,0
Mel,0
Estela,0
Adelaide,0
Dayanne,0
Allana,0
Maira,0
Dora,0
Stefany,0
Radija,0
Aliyah,0
Gabrielly,0
Livia,0
Lyana,0
Wendy,0
Stela,0
Julia,0
Ilda,0
Annie,0
Janice,0
Ivana,0
Cataleya,0
Noah,0
Liz,0
Fatima,0
Lua,0
Fatumata,0
Sarai,0
Ainhoa,0
Alina,0
Cristiane,0
Amora,0
Branca,0
Anastácia,0
Concha,0
Eloah,0
Rayane,0
Talita,0
Zoe,0
Keila,0
Teresinha,0
Gisela,0
Anabela,0
Dádiva,0
Amelia,0
Ada,0
Joelma,0
Mya,0
Noémia,0
Mercedes,0
Nicolly,0
Jeanne,0
Dina,0
Viviana,0
Marília,0
Anya,0
Fatoumata,0
Lígia,0
Gaia,0
Mirella,0
Adrielle,0
Clarice,0
Kylie,0
Eliza,0
Nancy,0
Vitoria,0
Nuna,0
Yolanda,0
Tiffany,0
Fábia,0
Francesca,0
Alycia,0
Aaliyah,0
Lina,0
Laila,0
Aya,0
Amy,0
Daisy,0
Kataleya,0
Natali,0
Elaine,0
Antonela,0
Samantha,0
Katie,0
Aria,0
Séfora,0
Lyara,0
Daiane,0
Hanna,0
Lurdes,0
Thais,0
Patricia,0
Janaína,0
Lana,0
Ruth,0
Noemi,0
Flora,0
Siena,0
Kailane,0
Cleo,0
Selena,0
Grace,0
Savannah,0
Adriela,0
Klara,0
Marwa,0
Sanaya,0
Lavínia,0
Kendra,0
Yangchen,0
Jasmin,0
Lília,0
Haniela,0
Adélia,0
Alyssa,0
Marlene,0
Tiana,0
Aleksandra,0
Alba,0
Flavia,0
Daria,0
Sasha,0
Eline,0
Adrielly,0
Nikol,0
Agatha,0
Cinara,0
Adele,0
Margot,0
Darina,0
Dária,0
Noémi,0
Rúbia,0
Melina,0
Emanuela,0
Léa,0
Liah,0
Olga,0
Myriam,0
Sofía,0
Andreína,0
Niara,0
Anny,0
Aura,0
Margarita,0
Jannat,0
Ayra,0
Sancha,0
Cassandra,0
Hellen,0
Jasmim,0
Cássia,0
Malu,0
Thayla,0
Rebecca,0
Celina,0
Saanvi,0
Andresa,0
Siara,0
Rayana,0
Jani,0
Layara,0
Anastacia,0
Aida,0
Leonilde,0
Jacira,0
Isabelly,0
Dulce,0
Nicolle,0
Emanuelly,0
Ruby,0
Mariah,0
Sheila,0
Judite,0
Bella,0
Célia,0
Bela,0
Iriana,0
Agnes,0
Milene,0
Kamila,0
Antonia,0
Alma,0
Zoey,0
Lueji,0
Aissatou,0
Katia,0
Linda,0
Zlata,0
Nadia,0
Emiliana,0
Mária,0
Zahra,0
Elise,0
Emilie,0
Taynara,0
Kemilly,0
Raisa,0
kyara,0
Ava,0
Viktoria,0
Anouk,0
Ânia,0
Aliana,0
Laurinda,0
Lyah,0
Adama,0
Paz,0
Brianna,0
Zaya,0
Guiomar,0
Joyce,0
Rayanne,0
Leonora,0
Noor,0
Lynda,0
Khadija,0
Cheila,0
Melody,0
Rania,0
Rose,0
Magali,0
Saphira,0
Luiza,0
Isabelle,0
Aurea,0
Catalina,0
Svetlana,0
Pureza,0
Michele,0
Jasmina,0
Martinha,0
Barbara,0
Thays,0
Yuna,0
Noemy,0
Maimuna,0
Rafaella,0
Perla,0
Natasha,0
Selina,0
Carollina,0
Laryssa,0
Layla,0
Lidia,0
Sofiya,0
Sanvi,0
Graciana,0
Alessia,0
Naira,0
Benisha,0
Suzi,0
Noelle,0
Trisha,0
kelly,0
Veronica,0
Kenya,0
Quézia,0
Maeve,0
Lamar,0
Neiza,0
Ludmila,0
Ária,0
Helen,0
Anaíce,0
Quésia,0
Jana,0
Debora,0
Juliette,0
Lyanna,0
Sam,0
Polina,0
Whitney,0
Miruna,0
Lola,0
Vilma,0
Kieza,0
Emely,0
Drielle,0
Palmira,0
Aimee,0
Hiba,0
Rosário,0
Ainoa,0
Delia,0
Zahara,0
Corina,0
Stefania,0
Conceição,0
Dionísia,0
Ellie,0
Naya,0
Mira,0
Sylvia,0
Tida,0
Nélia,0
Nayomi,0
Josiana,0
Alessandra,0
Deborah,0
Samragyee,0
Nazaré,0
Alya,0
Ishani,0
Nabiha,0
Yumi,0
Andriana,0
Arya,0
Yasmina,0
Mahira,0
Assunção,0
Lillian,0
Gabrielle,0
Támara,0
Moana,0
Maggie,0
Jeovana,0
Evelina,0
Dana,0
Drisana,0
Fiona,0
Yarine,0
Berta,0
Laiane,0
Ella,0
Naia,0
Biana,0
Alesia,0
Cataleia,0
Atena,0
Miguela,0
Yi,0
Élia,0
Roberta,0
Myla,0
Darlene,0
Gurneet,0
Zaira,0
Elany,0
Valquíria,0
Laureana,0
Jasleen,0
Josefina,0
Damiana,0
Reyanshi,0
Alissa,0
Nícia,0
Mía,0
Mariam,0
Alinne,0
Lilian,0
Déborah,0
Arfa,0
Iolanda,0
Dandara,0
El,0
Ayane,0
Salina,0
Elina,0
Tanveer,0
Lavinia,0
Melisa,0
Taciana,0
Miria,0
Tyara,0
Jessie,0
Diani,0
Tanishka,0
Emelly,0
Ágatha,0
Dianna,0
Ainara,0
Yonnara,0
Yonara,0
Khloe,0
Hana,0
Thaísa,0
Tayssa,0
Dayana,0
Zoë,0
Rosalina,0
Iria,0
Janete,0
Elysia,0
Nahary,0
Maysa,0
Ohana,0
Aylah,0
Elizabeth,0
Mirela,0
Costanza,0
Joanne,0
Engrácia,0
Núbia,0
Michela,0
Andria,0
Luziane,0
Estefânia,0
Ioana,0
Leena,0
Eloáh,0
Mikaela,0
Marcela,0
Yasmeen,0
Anaisa,0
Madalina,0
Sulamita,0
Liliane,0
Jael,0
Romana,0
Aryana,0
Yana,0
Kailany,0
Alda,0
Savana,0
Silvia,0
Keliane,0
Kaya,0
Luma,0
Fatimah,0
Shana,0
Daniana,0
Amélie,0
Andressa,0
Nuria,0
Syenna,0
Inaya,0
Kassandra,0
Shivani,0
Gurseerat,0
Arianne,0
Nataniela,0
Muriel,0
Gracy,0
Augusta,0
Marieta,0
Kenzie,0
Stephany,0
Anaiza,0
Denisa,0
Nayra,0
Rachel,0
Jaslyn,0
Vittoria,0
Kate,0
Manon,0
Yanni,0
Nilda,0
Geisa,0
Cayetana,0
Yong,0
Cléo,0
Quessia,0
Avril,0
Adriele,0
Brunna,0
Léana,0
Lily,0
Aliça,0
Inès,0
Ezra,0
Rosana,0
Nice,0
Bebiana,0
Zaida,0
Rayanna,0
Kauana,0
Síria,0
Lânica,0
Marie,0
Vivian,0
Nusaiba,0
Anabel,0
Layssa,0
Emili,0
Ivânia,0
Felícia,0
Loriana,0
Djamila,0
Florbela,0
Aastha,0
Nelma,0
Karolina,0
Emilia,0
Lucía,0
Ticiana,0
Jony,0
Farzona,0
Yalanna,0
Talia,0
Laia,0
Celia,0
Vinisha,0
Seline,0
Jenna-Kelly,0
Desejada,0
Lilly,0
Taissa,0
Yohanne,0
Kimika,0
Diona,0
Ayumi,0
Míriam,0
Céline,0
Lurianny,0
Layana,0
Louana,0
Álison,0
Guilhermina,0
Tasnia,0
Anastasiya,0
Adjaymara,0
Elaynne,0
Elisianne,0
Ulainy,0
Jazmine,0
Sahla,0
Mahirah,0
Terezinha,0
Djaraye,0
Ana-Gabriela,0
Lilla,0
Clotilde,0
Djairiny,0
Evoleth,0
Mélody,0
Shanzeh,0
Pranava,0
Lirys,0
Tafida,0
Ariany,0
Zahira,0
Cléomaidi,0
Zipora,0
Keliny,0
Elmira,0
Emilena,0
Ecclesia,0
Aia,0
Kaylani,0
Raíza,0
Diara,0
Raysa,0
Diane,0
Luânia,0
Areen,0
Aureliana,0
Marieva,0
Eloane,0
Yzis,0
Sharleez,0
Joanna,0
Ruby-Ann,0
Manha,0
Maisa,0
Charlie,0
Yuxin,0
Vivianne,0
Dakshyata,0
Kyria,0
Joy,0
Jeana,0
Muzdalifah,0
Kámia,0
Ameli,0
Alayah,0
Heliany,0
Orlanda,0
Navneet,0
Nandilene,0
Kaylee,0
Dayanna,0
Antonina,0
Nyama,0
Acelya,0
Belnira,0
Oisharza,0
Djasmine,0
Watula,0
Sanda,0
Líris,0
Anise,0
Sija,0
Édera,0
Mariyah,0
Hémlly,0
Lena,0
Ediane,0
Vladiana,0
Aavya,0
Wénica,0
Duanny,0
Valeria,0
Ashia,0
Dolkar,0
Khloé,0
Djesmy,0
Ariella,0
Tamires,0
Milca,0
Kélly,0
Magalie,0
Biatris,0
Gabi,0
Waylla,0
Éris,0
Ryzane,0
Namal,0
Quione,0
Ranieli,0
Ellia,0
Simranjeet,0
Aashi,0
Amabélia,0
Mayssa,0
Noara,0
Fei,0
Noely,0
Niyusha,0
Alicía,0
Helayne,0
Eliora,0
Adji,0
Saoirse,0
Luyela,0
Riva,0
Rannyah,0
Nayamee,0
Hiron,0
Catarine,0
Kika,0
Flossie,0
Aderlyn,0
Victoire,0
Claísy,0
Nira,0
Daruina,0
Xingchen,0
Amirabonu,0
Hui,0
Ivi,0
Mihaela,0
Siya,0
Meri,0
Rut,0
Rumeyssa,0
Mariya,0
Cadidjatu,0
Emanuele,0
Ayleen,0
Yasmmin,0
Marine,0
Ranía,0
Andreea,0
Daena,0
Kaillany,0
Samiyah,0
Flaviana,0
Osvaldina,0
Keula,0
Mariáh,0
Leoneza,0
Jailza,0
Khelen,0
Violetta,0
Rozyana,0
Nahara,0
Eleutéria,0
Frantceska,0
Nalana,0
Neve,0
Yilin,0
Aluna,0
Ane,0
Ayline,0
Naimy,0
Nene,0
Helsy,0
Milen,0
Mirian,0
Aissato,0
Nassira,0
Mariluz,0
Lunah,0
Prisha,0
Veronika,0
Sargunpreet,0
Alix,0
Ludy,0
karima,0
Darena,0
Aahana,0
Naomy,0
Grishma,0
Serenna,0
Miryam,0
Elizaveta,0
Alia,0
Morgan,0
Djamily,0
Lucinda,0
Mickaela,0
Taisia,0
Shanaida,0
Jamily,0
Arisha,0
Jesuina,0
Jiniya,0
Lidiana,0
Dhriti,0
Janvi,0
Gopika,0
Heliza,0
Jodi,0
Aarvi,0
Iqra,0
Orquídea,0
Anely,0
Erina,0
sukhmanpreet,0
Wenya,0
My,0
Shamila,0
Nola,0
Kesia,0
Sama,0
Najua,0
Amarílis,0
Keillany,0
Seren,0
Guilherme,0
Hadja,0
Naynara,0
Mavy,0
Marcelina,0
Yindi,0
Marjona,0
Seliny,0
Wanessa,0
Darya,0
Alae,0
Zafirah,0
Lesliane,0
Joud,0
Nika,0
Mayanne,0
Inka,0
Tásia,0
Rakaia,0
Rana,0
Jefrina,0
Eludiesa,0
Naureen,0
kamilla,0
Shevonne,0
Angel,0
Nathaniela,0
Vyctoria,0
Himanshi,0
Isís,0
Thaissa,0
Beulah,0
Faiza,0
Leidiana,0
Alaine,0
Nuelly,0
Aayat,0
Alenia,0
Amal,0
Arlete,0
Kloeh,0
Fatumatta,0
Jiale,0
Idalina,0
Lombe,0
Gicyane,0
Lissandra,0
Marciely,0
Minu,0
Yasemin,0
Hania,0
Eduma,0
Joia,0
Ariziany,0
Rayna,0
Edite,0
Trinity,0
Mallu,0
Loraynne,0
Letizia,0
Skyla,0
Yanilda,0
Stéfany,0
Imona,0
Daphne,0
Stelviane,0
kemelly,0
Zita,0
Lucia,0
Layanah,0
Janire,0
Hasina,0
Ansu,0
Zarnish,0
Sharon,0
Dishali,0
Belinda,0
Khayla,0
Djanira,0
Deisa,0
Céuma,0
Lukénia,0
Lyla,0
Lweje,0
Abibatu,0
Dhaanvi,0
Aminata,0
Omara,0
Chesung,0
Nailah,0
Nala,0
Hyndia,0
Saloni,0
Selene,0
Leyanne,0
Gaorii,0
Aliah,0
Chanel,0
Ashera,0
Ashlley,0
Xin,0
Uriela,0
Lakiesha,0
Nadiya,0
Lubava,0
Naírah,0
Caia,0
Zainab,0
Katelyn,0
Amina,0
Valenthina,0
Yuhanna,0
Latifah,0
Nali,0
Kellen,0
Raisha,0
Ingrid,0
Docelina,0
Adália,0
Acucena,0
Dyara,0
Lou,0
Evelyna,0
Umamah,0
Nadesi,0
Udita,0
Christiane,0
Allena,0
Hazaela,0
Prveet,0
Ambar,0
Keana,0
Hoany,0
Viktória,0
Sieme,0
Marielle,0
Ari,0
Otchaly,0
Liriany,0
Thaislaine,0
Jaiane,0
Ashmyrah,0
Ashree,0
Keya,0
Mora,0
Malú,0
Bridget,0
Tabita,0
Luanna,0
Otchila,0
Ticiany,0
Pema,0
Guntash,0
Pillar,0
Jamilli,0
Maribel,0
Yanira,0
Fiyinfoluwa,0
Miracle,0
Mayla,0
Letícea,0
Elcênia,0
América,0
Skye,0
Alyce,0
Wen,0
Lisbon,0
Sia,0
Maily,0
Deepti,0
Lorine,0
Kelleny,0
Asal,0
Franciszka,0
Julyan,0
Nicoleta,0
Élla,0
Yazmin,0
Hou,0
Joselene,0
Iryna,0
Thamara,0
Maida,0
Eleanora,0
Rayhana,0
Chelsea,0
Máriyah,0
Adriana-Maria,0
Hallanna,0
Djenifer,0
Salahan,0
Eloisa,0
Otília,0
Amelie,0
Zélia,0
Weza,0
Jandira,0
Nidhi,0
Leya,0
Vianny,0
Sherry,0
Arisa,0
Joaquina,0
Cintia,0
Miriany,0
Ália,0
Betty,0
Analuz,0
Eléonor,0
Manuella,0
Jacyanie,0
Juelma,0
Lailah,0
Helikissa,0
Ianira,0
Aitana,0
Kessya,0
Nyah,0
Aarbhi,0
Taifa,0
Jeciane,0
Anika,0
Nalani,0
Abrish,0
Eloise,0
Ranya,0
Nzola,0
Wayela,0
Ani,0
Cliralda,0
Angeline,0
Emilise,0
Rhadija,0
Mailyne,0
Suellen,0
Glena,0
Meara,0
Levinda,0
Philippa,0
Jessi,0
Raysla,0
Nilsiane,0
Thaifa,0
Dilpreet,0
Iúna,0
Indianara,0
Tainá,0
Nyashia,0
Josiany,0
Edmara,0
Adel,0
Ivy,0
Jenabo,0
Rariane,0
Léna,0
Manpreet,0
Aleeya,0
Jasminy,0
Jafrin,0
Dircea,0
Jackeline,0
Weng,0
Loide,0
Kaellany,0
Adiba,0
Rayne,0
Skhushana,0
Anabelle,0
Ketura,0
Neidy,0
Kaylah,0
Chloy,0
Safiya,0
Jory,0
Orida,0
Daniella,0
Thaynara,0
Akira,0
Giseyane,0
Edianny,0
Neliany,0
Diliana,0
Roselyn,0
Gleyciane,0
Mirina,0
Consoldi,0
Naír,0
Aneliya,0
Nico,0
Ayisha,0
Adamarisa,0
Lavinha,0
Himisha,0
Dalva,0
Cleonice,0
Feral,0
Phoebe,0
Monica,0
Juciara,0
Mariyam,0
Arminda,0
Aran,0
Alíssya,0
Jaireet,0
Caterina,0
Japnoor,0
Uzen,0
Evlyn,0
Jobayda,0
Melodia,0
Aryanne,0
Jeshua,0
Kimberly,0
Elayne,0
Anjana,0
Radassa,0
Liliam,0
Rosalis,0
Kely,0
Pashupriya,0
Mirelle,0
Thayná,0
Natércia,0
Menaela,0
Anahi,0
Eveline,0
Aadhira,0
Mélissa,0
Abida,0
Alinny,0
Chayene,0
Querem,0
Isaac,0
Hildita,0
Elmara,0
Lewani,0
Arielly,0
Taniya,0
Milania,0
Clarissa,0
Raísa,0
Calini,0
Harliv,0
Louna,0
Wassindji,0
Yuet,0
Aitziber,0
Odalmis,0
Raiyat,0
Pretika,0
Athena,0
Jubaida,0
Areesha,0
Fanta,0
Ízis,0
Paôla,0
Eiman,0
Thayna,0
Lucyene,0
Emanuelle,0
Heloisa,0
Mayrah,0
Tallulah,0
Tulsi,0
Cailane,0
Ellayne,0
Jensi,0
Irinelsia,0
Nadesda,0
Navkirat,0
Cyarah,0
Yinuo,0
Fathia,0
Lanuri,0
Olinda,0
Zohra,0
Jahyna,0
Sahasi,0
Ágata,0
Djasmin,0
Chiara,0
Elis,0
Mary,0
Dounia,0
Irtika,0
Caroline,0
Allyah,0
Sabina,0
Hamida,0
Swasthani,0
Lanie,0
Mehakpreet,0
Sabrin,0
Brites,0
Iliane,0
Lucie,0
Cascade,0
Faizah,0
Bhagyashri,0
Styaneth,0
Talin,0
Maarisa,0
Elcediane,0
Rio,0
Dafne,0
Nely,0
Parthia,0
Kiame,0
Leslie,0
Luo,0
Ayshane,0
Sham,0
Anaissa,0
Stéfanie,0
Melani,0
Nawine,0
Nywami,0
Sândyla,0
Dolores,0
Ayanna,0
Neah,0
Kayala,0
Loubna,0
Wamy,0
Moa,0
Onyinyechi,0
Roska,0
Jesarela,0
Késia,0
Electra,0
Má,0
Nariane,0
Jiya,0
Adira,0
Saubhagya,0
Jordanna,0
Catiza,0
Hivana,0
Aléxis,0
Nilma,0
Sejal,0
Ayesha,0
Acácia,0
Cici,0
Layane,0
Ruzilina,0
Jamélia,0
Ismaela,0
Joyanne,0
Thayra,0
Shreshta,0
Ummehani,0
Letycia,0
Kaylany,0
Pemdu,0
Ariadne,0
Aarusha,0
Aris,0
Lénira,0
Dharmika,0
Amaya,0
Maila,0
Weicy,0
Pauleta,0
Cláussia,0
Anhais,0
Nisrine,0
Tais,0
Warisha,0
Katheryn,0
Elin,0
Constanza,0
Ummalkhair,0
Nayma,0
Aileen,0
Wenyu,0
Édith,0
Danaya,0
Yaxi,0
Aloki,0
Naylah,0
Ilisangéla,0
Eleine,0
Alaya,0
Parneet,0
Suria,0
Mishka,0
Magnólia,0
Anne,0
Keylla,0
Hargun,0
Lorenna,0
Alica,0
Cadidjato,0
Nathalia,0
Mylena,0
Keeley,0
Ayusha,0
Sónisia,0
Chiyora,0
Iva,0
Adela,0
Éden,0
Natalina,0
Diandra,0
Melania,0
Amayres,0
Lora,0
Sisa,0
Natchali,0
Ianura,0
Susan,0
Haruna,0
Saima,0
Adilene,0
Elcana,0
Badhon,0
Djeisse,0
Djulia,0
Constânça,0
Tyana,0
Amrit,0
Liora,0
Iumi,0
Zípora,0
Arícia,0
Sirine,0
Axelle,0
Stephane,0
Shirley,0
Solomiya,0
Dibya,0
Gracilandia,0
Khusbhu,0
Dirce,0
Jaavi,0
Prapti,0
Riyanna,0
Joséfa,0
Yuzlem,0
Carmelinda,0
Salijha,0
Unnati,0
Danielly,0
Luka,0
Eugénia,0
Etuwine,0
Pravani,0
Suyen,0
Varvara,0
Valery,0
Anifa,0
Nelia,0
Saliou,0
Aliette,0
Kyarah,0
Cândida,0
Anais,0
Eden,0
Abigael,0
Thalita,0
Cassia,0
Bhargavi,0
Siddhi,0
Tafseer,0
Constance,0
Julnar,0
Shukrona,0
Didiana,0
Larah,0
Kiana,0
Jordana,0
Nusrat,0
Márjory,0
Emelie,0
Nadyr,0
Lainey,0
Chefali,0
Dileine,0
Sihanna,0
Mayma,0
Diya,0
Mansirat,0
Tianna,0
Taylania,0
Mabel,0
Giana,0
Abilena,0
Grácia,0
Karine,0
Jacelma,0
Jody,0
Yannira,0
Ofélia,0
Shahrizada,0
Ruoying,0
Anaela,0
Isobel,0
Kayleigh,0
Aarushi,0
Yeva,0
Lexi,0
Nasya,0
Heloimne,0
Meiline,0
Agrika,0
Nabintou,0
Haniella,0
Thérèse,0
Le,0
Kaella,0
Yandra,0
Thaiza,0
Damaris,0
Wisal,0
Apassara,0
Alaa,0
Nuira,0
Eulália,0
Sunny,0
Elizabete,0
Kushali,0
Ellie-Mai,0
Genabú,0
Aylin,0
Melyssa,0
Imren,0
Dhyani,0
María,0
Liv,0
Ilisha,0
Carole,0
Louise,0
Annali,0
Marianna,0
Ran,0
Lausiane,0
Elia,0
Thalia,0
Éliva,0
Falak,0
Leonara,0
Oyhole,0
Khushali,0
Inaia,0
Nuriya,0
Keylani,0
Azucena,0
Ivna,0
Elora,0
Miris,0
Wanita,0
Suasileiny,0
Marcheline,0
Gurnaz,0
Eufrásia,0
Adah,0
Leela,0
Mari,0
Jeevika,0
Aysla,0
Edmeicy,0
Sanbi,0
Allisha,0
Sehajpreet,0
Chidinma,0
Estera,0
Xinyan,0
Makaela,0
Ezmae-Rose,0
Preeyancy,0
Deyna,0
Ticiane,0
Fleur,0
Ayani,0
Dhanishka,0
Rehmat,0
Alanna,0
Ashna,0
Emaly,0
Fabrícia,0
Neymara,0
Jossivana,0
Solomia,0
Biansa,0
Lénia,0
Néria,0
Ridhampreet,0
Atalia,0
Jaanvi,0
June,0
Boni,0
Katherine,0
Kateline,0
Kênia,0
Sandrine,0
Cristele,0
Aima,0
Macrina,0
Dhara,0
Kynara,0
Nerea,0
Mardaia,0
Medeea,0
Serenella,0
Jannie,0
Suhana,0
Lingel,0
Elohim,0
Oliciana,0
Jucilda,0
Loujain,0
Eloine,0
Lili,0
Anastasiia,0
khloe,0
Savrina,0
Edzel,0
Nectaria,0
Aidie,0
Yoanna,0
Âmbar,0
Subera,0
Matias,0
Sarayma,0
Nimrat,0
Lilia,0
Aniya,0
Yásmine,0
Douce,0
Peace,0
Felisberta,0
Lorraine,0
Deolinda,0
Enaya,0
Jeyza,0
Kiene,0
Annya,0
Anandy,0
Hadassah,0
Nadja,0
Theresa,0
Isamara,0
Aryanna,0
Suzana,0
Johnsiany,0
Kaellyn,0
Maryana,0
Karoline,0
Alanis,0
Marvarid,0
Casiana,0
Lays,0
Vénus,0
Belém,0
Yassmin,0
Jayceline,0
Léonor,0
Fatúmata,0
Xuan,0
Désirée,0
Nahery,0
Daliana,0
Riddhi,0
Kiari,0
Ineji,0
Dhrisha,0
Frida,0
Sargun,0
Nia,0
Anabia,0
Armanda,0
Delise,0
Malena,0
Lidiane,0
Milan,0
Kathleen,0
Natalie,0
Taraa,0
Yiting,0
Laurene,0
Alisha,0
Israe,0
Fatou,0
Alisa,0
Zarina,0
Melanye,0
Anaïs,0
Kaviya,0
Edumara,0
Gurleen,0
Izïa,0
Miman,0
Enya,0
Princee,0
Neriah,0
Marvelous,0
Jerelis,0
Chayenne,0
Aila,0
Mariame,0
Samarah,0
Prioska,0
Nayana,0
Yanilcia,0
Emmily,0
Natanaela,0
Telany,0
Quila,0
Gargee,0
Aafiya,0
Jásmine,0
Tchissola,0
Lweji,0
Alejandra,0
Eleanor,0
Imabel,0
íris,0
Aiko,0
Sivana,0
Ananya,0
Dalia,0
Madelyn,0
Aycíla,0
Sandrina,0
Elvi,0
Simcha,0
Tia,0
Vinícia,0
Selma,0
Niriane,0
Claúdia,0
Noha,0
Zeya,0
Kira,0
Victory,0
Kazandra,0
Olimpia,0
Romina,0
Tchayene,0
Leydiana,0
Cleidiane,0
Ellana,0
Hylena,0
Nauitche,0
Ligia,0
Gilciane,0
Ahlam,0
Summer,0
Emillie,0
Gláucia,0
Julie,0
Kateryna,0
Daira,0
Jeannette,0
Mehjabin,0
Alánis,0
Manseerat,0
Jamila,0
Kristina,0
Lucymira,0
Nydia,0
Ley,0
Bisman,0
Daina,0
Amie,0
Nayir,0
Domingas,0
Anwita,0
Loryane,0
Ranyelle,0
Pandora,0
Geovana,0
Princy,0
Brienny,0
Ziying,0
Kayah,0
Anisa,0
Hadnna,0
Kyra,0
Mila-Jade,0
Mayeli,0
Ruthy,0
Oluwatolamise,0
Thaíssa,0
Humaira,0
Belvea,0
Nalin,0
Xiwen,0
Imaculada,0
Indie,0
Laciara,0
Maltide,0
Laetitia,0
Tazmeen,0
Chayyliel,0
Elisabethe,0
Nurya,0
Ianina,0
Esperanza,0
Ziai,0
Simina,0
Amaris,0
Lice,0
Blake,0
Heidi,0
Luanny,0
Jociely,0
Nilza,0
Celine,0
Jaqueline,0
Sania,0
Thainá,0
Darcy,0
Vanilla,0
Aiza,0
Alanya,0
Jeiza,0
Kayra,0
Ivania,0
Chaiene,0
Nycole,0
Malak,0
Neima,0
Bryana,0
Yanah,0
Tajem,0
Penda,0
Teya,0
Mikiphung,0
Ivlin,0
Florence,0
Djenyffer,0
Miramar,0
Ussulayne,0
Edera,0
Raiane,0
Leili,0
Chenxi,0
Alyssia,0
Tainara,0
Hellena,0
Shaan,0
Tawhida,0
Juxaline,0
Aua,0
Meyrine,0
Mariela,0
Iracema,0
Elli,0
Djenabu,0
Elisângela,0
Hélène,0
Kwayela,0
Marly,0
Jannatul,0
Cinthya,0
Pamela,0
Edsana,0
Priyancy,0
Wilma,0
Ayaat,0
Nelissa,0
Simrah,0
Suriel,0
Áryan,0
Krisha,0
Paty,0
Tissiane,0
Kaylla,0
Sin,0
Kyasme,0
Taiba,0
Lovyusa,0
Keren-Hapuc,0
Aditi,0
Dircy,0
YANA,0
Kaissy,0
Tchinossole,0
Aayushi,0
Hermínia,0
Sarina,0
Tahyra,0
Tyesha,0
Mei,0
Deepnoor,0
Milla,0
Maria-Florentina,0
Claire,0
Bimisha,0
An,0
Delilah,0
Supreet,0
Luara,0
Iasmina,0
Eila,0
Vishakha,0
Amuza,0
Maryjane,0
Lizania,0
Zoya,0
Aroob,0
Hazal,0
Nafisa,0
Aliza,0
Orelma,0
Quratulain,0
Yoana,0
Shafiya,0
Hang,0
Sãozinha,0
Chupriya,0
Lavinya,0
Ileana-Mary,0
Elienai,0
Gursharan,0
Itiel,0
Julcineide,0
Raïsa,0
Johanna,0
Leonela,0
Kâmi,0
Queen,0
Alécia,0
Tamila,0
Aadilah,0
Robin,0
Kellyne,0
Juana,0
Nila,0
Emah,0
Madaleyne,0
Mati,0
Guida,0
Jussana,0
Yavika,0
Mohanna,0
Elissa,0
Xinyao,0
Thaiba,0
Afna,0
Anísia,0
Aliane,0
Miriã,0
Wilka,0
Kanza,0
Virginia,0
Eleane,0
Clairmi,0
Evanilda,0
Pushti,0
Etienny,0
Vitalina,0
Lile,0
Thandie,0
Radyja,0
Eliseba,0
Sumaia,0
Krishna,0
Mantima,0
Ima,0
Simona,0
Linnéa,0
Rubina,0
Youna,0
Ilena,0
Arianna,0
Milenna,0
Ayana,0
MATILDE,0
Etiandra,0
Nirdha,0
Maskura,0
Niharika,0
Samina,0
Zenilda,0
Prisma,0
Skylar,0
Lucília,0
Yura,0
Kavya,0
Silviana,0
Gabryella,0
Otchally,0
Alaia,0
Stefanie,0
Jamira,0
Ruxanda,0
Geanina,0
Narcisa,0
Chantal,0
Valpuri,0
Neide,0
Dannyelle,0
Priyanshi,0
Emanuella,0
Evelin,0
Preciosa,0
Emíliia,0
Mahzabeen,0
Ledice,0
Nayole,0
Thaylla,0
Maryam,0
Judinela,0
Caren,0
Clarian,0
Suvechya,0
Elianna,0
Leone,0
Klementina,0
Chioma,0
Úrsula,0
Iymona,0
Larisa,0
Dainora,0
Quezia,0
Ivete,0
Elsiane,0
Thianna,0
Vicky,0
Odile,0
Liyana,0
Naila,0
May,0
Zafira,0
Afrodith,0
Nayr,0
Aarohi,0
Stefka,0
Warassy,0
Israela,0
Zi,0
Octávia,0
Ayhnara,0
Fabiane,0
Lyane,0
Ela,0
Laíse,0
Kadiatou,0
Alayna,0
Virgínia,0
Gursirat,0
Aizel,0
Roopleen,0
Azmina,0
Brigite,0
Liza,0
Lila,0
Nityashree,0
Enaíla,0
Janira,0
Chandércia,0
Evren,0
Lumi,0
Farnaz,0
Nora,0
Yarin,0
Auzenda,0
Haylinne,0
Thaynná,0
Inaaya,0
Lícia,0
Rand,0
Camu,0
Rainhasha,0
Uomou,0
Mallú,0
Mahjavin,0
Nikole,0
Kidyami,0
Georgete,0
Hajra,0
Éyanne,0
Jesika,0
Natalia,0
Adora,0
Garime,0
Mansoon,0
Ehma,0
Aliseti,0
Astrid,0
Bhavjot,0
Chrisdianne,0
Ohara,0
Yage,0
Waline,0
Abby,0
Jasseerat,0
Naima,0
Jhuly,0
Elícia,0
Kandes,0
Loredana,0
Yulana,0
Raelli,0
Natenán,0
Hadasa,0
Maitreyee,0
Aísha,0
Aaribah,0
Stacy,0
Evali,0
Marlise,0
Carrem,0
Carmela,0
Suleima,0
karina,0
Aalijah,0
Megan,0
Zasira,0
Ilis,0
Assiyah,0
Kadiatu,0
Odilia,0
Aroseveer,0
Bibiana,0
Océane,0
Kesiah,0
Yohana,0
Shaina,0
Rawanne,0
Heidilana,0
Niltânia,0
Aléssia,0
Martha,0
Líria,0
Caroliny,0
Adriella,0
Pearl,0
Eileen,0
Nomi,0
Zaairah,0
Mailly,0
Camille,0
Japasneet,0
Jessiane,0
Yummi,0
Elainne,0
Adriely,0
Athália,0
Lauryn,0
Sthefany,0
Anabiya,0
Selmília,0
Lourença,0
Kimmy,0
Yamy,0
Shreya,0
Aelis,0
Otisha,0
Beatrice,0
Elisete,0
Elisama,0
Calina,0
Ravneet,0
Edyane,0
Kehlani,0
Sana,0
Ayssa,0
Preet,0
Preet,0
Vanusa,0
Gislene,0
Milucy,0
Wissal,0
Clémentine,0
Deiane,0
Yusineth,0
Jasline,0
Elinaria,0
Aninha,0
Nayol,0
Rhythm,0
Charlize,0
Khiana,0
Micaella,0
Eliska,0
Xenia,0
Dayara,0
Alisyn,0
Lyra,0
Tamarta,0
Imani,0
Yarely,0
Tamay,0
Hélia,0
Yangzom,0
Arshvir,0
Di,0
Geórgia,0
Otélia,0
Cattleya,0
Vívian,0
Aryela,0
Iman,0
Scarlet,0
Aarya,0
Alyne,0
Bani,0
Érika,0
Nery,0
Hassanatosó,0
Lindsay,0
Ankita,0
Leeann,0
Ernestina,0
Gininha,0
Kauane,0
Swadhi,0
Bernardina,0
Melana,0
Purnima,0
Eugenia,0
Kaila,0
Faroumara,0
Priscilla,0
Yulihanny,0
Makayla,0
Índia,0
Jenna,0
Graziela,0
Parinaaz,0
Laiyanne,0
Luany,0
Ermelinda,0
Catherine,0
Afra,0
Lukeny,0
Záia,0
Adhele,0
Dayany,0
Benilde,0
Harsirat,0
Dristi,0
Cidiana,0
Liany,0
Geiza,0
Ekaterina,0
Haylla,0
Mayza,0
Maimunatu,0
Santiago,1
Francisco,1
João,1
Afonso,1
Rodrigo,1
Martim,1
Tomás,1
Duarte,1
Miguel,1
Gabriel,1
Lourenço,1
Gonçalo,1
Dinis,1
Guilherme,1
Pedro,1
Salvador,1
Rafael,1
Lucas,1
Tiago,1
Gustavo,1
Diogo,1
Vicente,1
José,1
David,1
Mateus,1
Simão,1
António,1
Diego,1
Manuel,1
Henrique,1
Daniel,1
Vasco,1
Bernardo,1
Enzo,1
André,1
Leonardo,1
Luís,1
Isaac,1
Eduardo,1
Alexandre,1
Kevin,1
Matias,1
Leandro,1
Filipe,1
Xavier,1
Rúben,1
Samuel,1
Ricardo,1
Artur,1
Valentim,1
Frederico,1
Lorenzo,1
Bryan,1
Bruno,1
Nuno,1
Benjamim,1
Carlos,1
Sebastião,1
Rui,1
Davi,1
Hugo,1
Noah,1
Joaquim,1
Mário,1
Tomé,1
Fábio,1
Paulo,1
Manel,1
Renato,1
Jorge,1
Jaime,1
Marco,1
Ângelo,1
Micael,1
Liam,1
Ivan,1
Matheus,1
William,1
Gaspar,1
Cristiano,1
Luca,1
Jonathan,1
Sérgio,1
Gil,1
Ivo,1
Brian,1
Arthur,1
Christian,1
Vítor,1
Yuri,1
Fernando,1
Dilan,1
Romeu,1
Caio,1
Isac,1
Emanuel,1
Sandro,1
Igor,1
Moisés,1
Mauro,1
César,1
Josué,1
Edgar,1
Elias,1
Victor,1
Joel,1
Alex,1
Telmo,1
Denis,1
Marcelo,1
Adrien,1
Álvaro,1
Dylan,1
Raúl,1
Muhammad,1
Nelson,1
Dário,1
Oliver,1
Thiago,1
Ismael,1
Márcio,1
Ian,1
Lisandro,1
Erik,1
Cláudio,1
Heitor,1
Martinho,1
Leo,1
Jonas,1
Wilson,1
Júlio,1
Caetano,1
Benjamin,1
Adriano,1
Raphael,1
Augusto,1
Martin,1
Marcos,1
Eric,1
Flávio,1
Mikael,1
Erick,1
Jason,1
James,1
Danilo,1
Adam,1
Levi,1
Mateo,1
Kelvin,1
Nicolas,1
Sebastian,1
Cauã,1
Thomas,1
Isaque,1
Misael,1
Alberto,1
Israel,1
Edson,1
Luan,1
Lukas,1
Mark,1
Ruben,1
Adriel,1
Jesus,1
Domingos,1
Denzel,1
Apolo,1
Ary,1
Alan,1
Nicolau,1
Alfredo,1
Kévim,1
Axel,1
Patrick,1
Giovani,1
Gerson,1
Aron,1
Luis,1
Leonel,1
Wesley,1
Ari,1
Roberto,1
Hélder,1
Vitor,1
Fausto,1
Joshua,1
Gael,1
Adonai,1
Henry,1
Cristóvão,1
Nathan,1
Rogério,1
Caleb,1
Fabrício,1
Valentino,1
Noé,1
Luka,1
Armando,1
Stefan,1
Bartolomeu,1
Anthony,1
Adrian,1
Samir,1
Ravi,1
Derick,1
Ryan,1
Luciano,1
Estêvão,1
Theo,1
Cristian,1
Anderson,1
Davide,1
Abel,1
Ezequiel,1
Nataniel,1
Lucca,1
Dominic,1
Théo,1
Alexander,1
Isaías,1
Lopo,1
Marcus,1
Maxim,1
Iúri,1
Diniz,1
Amadeu,1
Oscar,1
Haniel,1
Lázaro,1
Ulisses,1
Léo,1
Alexandru,1
Raul,1
Jessé,1
Max,1
Steven,1
Ernesto,1
Leon,1
Maurício,1
Mohammad,1
Felipe,1
Kendrick,1
Filip,1
Juliano,1
Angélico,1
Rubén,1
Édi,1
Enrique,1
Lourenzo,1
Damien,1
Osvaldo,1
Aléxis,1
Zion,1
Matteo,1
Omar,1
Eduard,1
Zayn,1
Jayden,1
Kenny,1
Rubim,1
Olavo,1
Jonatã,1
Tierri,1
Bogdan,1
Kenzo,1
Aaron,1
Saulo,1
Pietro,1
Kai,1
Breno,1
Jair,1
Helder,1
Uriel,1
Luiz,1
Rayan,1
Mohammed,1
Dante,1
Aiden,1
Jackson,1
Fred,1
Amir,1
Stephan,1
Mamadou,1
Valdemar,1
Jóni,1
Evan,1
Hazael,1
Fabiano,1
Ibrahim,1
Juan,1
Robert,1
Michael,1
Natanael,1
Aayan,1
Hélio,1
Adilson,1
Éder,1
Silvestre,1
Jordan,1
Tito,1
Taylor,1
Logan,1
Leonard,1
Júnior,1
Bento,1
Kévin,1
Gui,1
Aryan,1
Pablo,1
Jónatas,1
Elvis,1
Joabe,1
Alonso,1
Jefferson,1
Deivid,1
Darius,1
Serigne,1
Eli,1
Giovanni,1
Romão,1
Félix,1
Daniil,1
Kaique,1
Kauã,1
George,1
Mathias,1
Vladislav,1
Adrián,1
Rúdi,1
Kylian,1
Gilson,1
Damian,1
Gastão,1
Ianis,1
Azael,1
Cael,1
Mickael,1
Jack,1
Sam,1
Angelo,1
Fabio,1
Alejandro,1
Isael,1
Francesco,1
Valentin,1
Aarav,1
Kirill,1
Andrei,1
Mohamed,1
Dénis,1
Abner,1
Roman,1
Adolfo,1
Gilberto,1
Óscar,1
Daví,1
Artem,1
Kelson,1
Ayan,1
Antonio,1
Timur,1
Lyan,1
Ruan,1
Louis,1
Salomão,1
Simon,1
Willian,1
Dávi,1
Matthew,1
Romeo,1
Kauan,1
Iago,1
Tobias,1
Nilson,1
Kayden,1
Mílton,1
Ahmed,1
Ibrahima,1
Julian,1
Agostinho,1
Lenny,1
Abraim,1
Eliel,1
Hendrick,1
Aleks,1
Vinícius,1
Ethan,1
Allan,1
Abdullah,1
Jacob,1
Kevyn,1
Nikolas,1
Edmar,1
Nikita,1
Vlad,1
Murilo,1
Baltasar,1
Acácio,1
Elijah,1
Yaroslav,1
Dino,1
Jeremias,1
Válter,1
Anselmo,1
Licínio,1
Djeison,1
Baltazar,1
René,1
Edmilson,1
Aleksandr,1
Thierry,1
Élson,1
Eugénio,1
Oleksandr,1
Reyansh,1
Sami,1
Arham,1
Edward,1
Andrew,1
Yannick,1
Rodolfo,1
Ronaldo,1
Yi,1
Michel,1
Lúcio,1
Maksim,1
Elísio,1
Eliab,1
Eliezer,1
Gelson,1
Mihai,1
Humberto,1
Elói,1
Denilson,1
Viriato,1
Mason,1
Mateu,1
Harry,1
Sidney,1
Orlando,1
Andriy,1
Davy,1
Átila,1
Jairo,1
Sílvio,1
Ilídio,1
Amílcar,1
Emmanuel,1
Dani,1
Nilton,1
Matvey,1
Serafim,1
Mario,1
Evandro,1
Arlindo,1
Kian,1
Edilson,1
Mélvin,1
Ederson,1
Walter,1
Keven,1
Nicolás,1
Kleyton,1
Josias,1
Gonzalo,1
Adelino,1
Iker,1
Marius,1
Aahan,1
Demian,1
Jayson,1
Arnaldo,1
Ariel,1
Ildo,1
Owen,1
Anilson,1
Célio,1
Eliézer,1
Délcio,1
Jean,1
Musa,1
Riyansh,1
Marvin,1
Aleksander,1
Djeyson,1
Dumitru,1
Maël,1
Franklin,1
Theodoro,1
Áureo,1
Sandiego,1
Calebe,1
Ódin,1
Abraão,1
Décio,1
Fabrizio,1
Yannis,1
Leone,1
Saif,1
Saliou,1
Marko,1
Yuvraj,1
Kimi,1
Tian,1
Gonzaga,1
Óliver,1
Benício,1
Aramis,1
Fabian,1
Seco,1
Vital,1
Sahas,1
Matei,1
Oceano,1
Amine,1
Jawad,1
Youssef,1
Emir,1
Jay,1
Danylo,1
Jailson,1
Kiame,1
Yohan,1
Jasmim,1
Brayan,1
Élio,1
Jerry,1
Halley,1
Eden,1
Jacinto,1
Pak,1
Alessandro,1
Shayan,1
Euclides,1
Gianni,1
Martín,1
Aleksey,1
Dalton,1
Marlon,1
Hakeem,1
Conrado,1
Jad,1
Alexandro,1
Rihan,1
Hao,1
Adryan,1
Lauriano,1
Vincent,1
Willyan,1
Jerónimo,1
Enzi,1
Richard,1
Ayaan,1
Celso,1
Yeshua,1
Cédrick,1
Lewis,1
Aylan,1
Zyon,1
Fernão,1
Dimas,1
Jerson,1
Gurtej,1
Francis,1
Nélson,1
Dmytro,1
Albert,1
Calvin,1
Mauricio,1
Viaan,1
Timóteo,1
Dorian,1
Aarnav,1
Alexey,1
Gheorghe,1
Graciano,1
Anael,1
Keanu,1
Aurélio,1
Matheo,1
Emerson,1
Alcides,1
Kiese,1
Renan,1
Briyan,1
Vagner,1
Eros,1
Maksym,1
Bilal,1
Algassimou,1
Jimmy,1
Ishan,1
Ruby,1
Aleksandar,1
Amândio,1
Zorawar,1
Brayn,1
Ali,1
Luccas,1
Moussa,1
Mariano,1
Mankirat,1
Yanis,1
Sancho,1
Charlie,1
Silas,1
Philipp,1
Vando,1
Solano,1
Reinaldo,1
Toni,1
Bernardino,1
Messias,1
Sidnei,1
Kennedy,1
Abílio,1
Kiene,1
Nélio,1
Matviy,1
Fedor,1
Oumar,1
Braima,1
Rodney,1
Aquiles,1
Kaio,1
Ícaro,1
Matías,1
Valério,1
Emilio,1
Lyam,1
Aleksandre,1
Eder,1
Kelton,1
Zacarias,1
Dárcio,1
Maxwell,1
Christyan,1
Íven,1
Mattia,1
Jaden,1
Janai,1
Manassés,1
Thomás,1
Taha,1
Konstantin,1
Figo,1
Lincoln,1
Eleazar,1
Marcellus,1
Aires,1
Estevão,1
Hayden,1
Aidan,1
John,1
Hernâni,1
Aarush,1
Davidson,1
Derek,1
Narciso,1
Adílio,1
Levy,1
Prerak,1
Romário,1
Alfa,1
Nicollas,1
Etienne,1
Tyler,1
Mamadú,1
Manoel,1
Damião,1
Jelson,1
Weslley,1
Zyan,1
Bo,1
Érico,1
Unai,1
Aziz,1
Alvin,1
Asafe,1
Prince,1
Milton,1
Santhiago,1
Catalin,1
Abraham,1
Natan,1
Amilton,1
Felix,1
Eurico,1
Cesário,1
Nahyan,1
Allen,1
Carlo,1
Meet,1
Zeus,1
Bruce,1
Nikolay,1
Russel,1
Gurjas,1
Abubacar,1
Jonatas,1
Enrico,1
Suyog,1
Flavio,1
Luigi,1
Nikolai,1
Arsénio,1
Ioan,1
Magno,1
Wayne,1
Yu,1
Lucio,1
Dinarte,1
Aly,1
Yan,1
Henzo,1
Nirbesh,1
Priyan,1
Adab,1
Md,1
Ozan,1
Admar,1
Herisil,1
Raman,1
Edelmiro,1
Malcolm,1
Zafar,1
Johnatan,1
Mihail,1
Jia,1
Rullyan,1
Darsh,1
Ibra,1
Sehbaaz,1
Danielson,1
Priyank,1
Aimar,1
Tomaz,1
Zaaef,1
Khael,1
Jingyi,1
Dean,1
Philipe,1
Tyson,1
Ledilson,1
Raphaël,1
Bayaan,1
Vladmir,1
Giancarlo,1
Anhad,1
Livio,1
Lok,1
Imad,1
Hadley,1
Antoni,1
Jeryckson,1
Kenrick,1
Braiden,1
Damir,1
Eddie,1
Aariv,1
Arlo,1
Niandro,1
Mansan,1
Harjasbir,1
Krinch,1
Vanilson,1
Ohan,1
Djayden,1
Jaylson,1
Raví,1
Esaias,1
Nafsat,1
Oleg,1
Alfrendinho,1
Yaiden,1
Rangel,1
Xoán,1
Reyjianne,1
Rishab,1
Isadai,1
Kéren,1
Awanish,1
Bassa,1
Rudi,1
Nur,1
Amado,1
Matisse,1
Sulaiman,1
Ludgero,1
Clarson,1
Levick,1
Ross,1
Bensson,1
Oussuman,1
Josélio,1
Gualter,1
Alisson,1
Youmer,1
Wilker,1
Tegvirat,1
Teodor,1
Rafel,1
Mirko,1
Valter,1
Hamza,1
Siddarta,1
Mattin,1
Bernado,1
Helmer,1
Fidel,1
Loris,1
Maylon,1
Gleb,1
Denil,1
Elcimar,1
Mamadu,1
Elisei,1
Eleobel,1
Epandy,1
Gonçalves,1
Kiani,1
Joni,1
Aryel,1
Ashrafov,1
Chandra,1
Ivanilson,1
Galen,1
Olivier,1
Stivan,1
Tiamo,1
Luther,1
Yahel,1
Hulk,1
Douglas,1
Davit,1
Lucénio,1
Liyo,1
Federico,1
Ziad,1
Hedeler,1
Elison,1
Heldmar,1
Pascoal,1
Kaichen,1
Dayban,1
Prashil,1
Ulugbek,1
Shivaay,1
Iven,1
Emil,1
Koby,1
Liev,1
Heet,1
Ekamdeep,1
Pieter,1
Zakaria,1
Djalmo,1
Esanjo,1
Hariel,1
Danny,1
Mikaal,1
Wesillen,1
Mouhamad,1
Liedson,1
Ravydson,1
Chester,1
Muhamed,1
Kalebe,1
Soan,1
Shahood,1
Inti,1
Antoniusz,1
Jeremyah,1
Deniz,1
Haidam,1
Shalev,1
Mathys,1
Paolo,1
Kelt,1
Camnate,1
Joelson,1
Benevolo,1
Anatoly,1
Ehan,1
MD,1
Uriah,1
Hardik,1
Ekumbi,1
Mankirt,1
Bá,1
Rony,1
Edney,1
Hiram,1
Roangel,1
Marlond,1
Yssanzo,1
Jhonathan,1
Thor,1
Rosil,1
Diégo,1
Kaleb,1
Dmitrii,1
Horácio,1
Tymofiy,1
Kévan,1
Rikelmy,1
Antony,1
Tianyan,1
Amarildo,1
Ismoilkhon,1
Shoxjaxon,1
Maximilian,1
Andreas,1
Loreanne,1
Sviatoslav,1
Mohamad,1
Kyllen,1
Malik,1
Yoshiya,1
Giuseppe,1
Watson,1
Xelzio,1
Norato,1
Romilton,1
Furqan,1
Tanishq,1
Ednilson,1
Erikson,1
Jeremiah,1
Andrey,1
Gurtaj,1
Mahbeer,1
Illiya,1
Zayyan,1
Ikemdinachukwu,1
Tegdeep,1
Karna,1
Kamal,1
Havik,1
Saúl,1
Enoque,1
Clife,1
Tawseef,1
Geo,1
Bráulio,1
Nia,1
Kleiton,1
Kadosh,1
Máximo,1
Hexuan,1
Mauri,1
Joaquín,1
Adónis,1
Manuel-José,1
Djaim,1
Jabneel,1
Brás,1
Raufe,1
Marlous,1
Hochai,1
Claudino,1
Nigel,1
Tafhim,1
Zehui,1
Ferdinand,1
Andrés,1
Jesús,1
Daelve,1
Cezar,1
Desejado,1
Willmer,1
Roah,1
Launyo,1
Clemente,1
Iason,1
Sahibjot,1
Efraim,1
Lamine,1
Andrii,1
Kenneth,1
Robin,1
Fabián,1
Nicolseon,1
Pifte,1
Fredy,1
Laurentiu,1
Janio,1
Nayan,1
Taim,1
Jerral,1
Sacha,1
Jules,1
Kenan,1
Saeed,1
Mayel,1
Prasab,1
Syon,1
Junior,1
Uneet,1
Rudney,1
Samora,1
Harshak,1
Rosalino,1
Kyran,1
Ilyan,1
Mame,1
Ondjala,1
Dionísio,1
Deny,1
Tayson,1
Donald,1
Rómulo,1
Enilson,1
Jayronn,1
Edmundo,1
Nimit,1
Wallison,1
pedro,1
Sadrak,1
Yoshua,1
Alexandrino,1
Dyliam,1
Laksh,1
Osmy,1
Galang,1
Willmar,1
Ezra,1
Uziel,1
Luwamy,1
Hio,1
Rihaansh,1
Iosebi,1
Deógenes,1
Quim,1
Elvin,1
Niten,1
Jujharveer,1
Haziel,1
Rishit,1
Marley,1
Dayvon,1
Usemua,1
Mahian,1
Kailas,1
Yohanne,1
Jared,1
Luciel,1
Ayomi,1
Suikar,1
Esteban,1
Marcelino,1
Eldes,1
Yohanny,1
Maurio,1
Matviei,1
Ben-Hur,1
Nael,1
David-Adrian,1
Egor,1
Peter,1
Samarbir,1
Éros,1
Tomáz,1
Constantin,1
Artyom,1
Manrajpreet,1
Witsel,1
Leoatle,1
Heron,1
Yohane,1
Dayven,1
Danilson,1
Zuhad,1
Neysson,1
Bonifácio,1
Shubh,1
Mounir,1
Nerhy,1
Joseberto,1
Jhaynir,1
Dhatalo,1
Samartha,1
Momin,1
Jenelson,1
Marcus-Emil,1
Hussein,1
Tércio,1
Jaziel,1
Domi,1
Heider,1
Aras,1
Thierno,1
Irshade,1
Nero,1
Keyson,1
Troy,1
Arseniu,1
Eki,1
Rainner,1
Lietson,1
Allisson,1
Adhrit,1
Vílson,1
Dariu,1
Agrim,1
Raffael,1
Jó,1
Quinn,1
Avraj,1
Nelmar,1
Donato,1
Ondjaki,1
Matt,1
Riyadh,1
Deiny,1
Wagner,1
Haikal,1
Idris,1
Tchiovany,1
Otaviu,1
Jabulani,1
Cheick,1
Naman,1
Derik,1
Sergio,1
Ihsan,1
Cassiano,1
Jodhveer,1
Helton,1
Sambela,1
Janivaldo,1
Kismatpreet,1
Ridwan,1
Lehan,1
Lévi,1
Gurjot,1
Seliel,1
Wendhell,1
Mustafa,1
Biren,1
Gaurish,1
Braylen,1
Kiamy,1
Izaiah,1
Kelcio,1
Eliam,1
Isslam,1
Ayyan,1
Issagha,1
Ivander,1
Carmichael,1
Sergey,1
Angadbir,1
Andréi,1
Christos,1
Jasmeet,1
Musabin,1
Ostap,1
Ibraima,1
Golden,1
Elson,1
Yun,1
Sonny,1
Wallace,1
Jeferson,1
Qasim,1
Umaro,1
Xiangyun,1
Daivon,1
Génesis,1
Oseias,1
Arifur,1
Dominik,1
Kaiyang,1
Illya,1
Laith,1
Lissandro,1
Petro,1
Shreyas,1
Shahzodjon,1
Libério,1
Adryann,1
Kielson,1
Déniel,1
Lyonel,1
Dérick,1
Grizman,1
Henish,1
Benedito,1
Timothy,1
Evgeniy,1
Julião,1
Atalay,1
Raheem,1
Elionai,1
Shunyuk,1
Rihadur,1
Ivaan,1
Marvim,1
Vansh,1
Ludwin,1
Cid,1
Marwane,1
Abbaad,1
Jayr,1
Aaditya,1
Yunay,1
Tao,1
Virpartap,1
Vidyut,1
Téo,1
Sálvio,1
Vanderson,1
Tama,1
Alpha,1
Jin,1
Ruslan,1
Erickson,1
Jiyan,1
Kiami,1
Baciro,1
Cristhian,1
Reyaan,1
Haley,1
Rachid,1
Flynn,1
Harsh,1
Arhaan,1
Érick,1
Pranish,1
kelvin,1
Álan,1
Gláuber,1
Tanveer,1
Dawilton,1
Hossi,1
Hyann,1
Gabriell,1
Reuben,1
Joseph,1
Xaday,1
Dashawan,1
Filippo,1
Issa,1
Erisson,1
Albano,1
Danyel,1
Odjaime,1
Anton,1
Nahime,1
Sai,1
Linus,1
Lennor,1
Alisher,1
Winston,1
Layyin,1
Yohano,1
Enzel,1
Belarmino,1
Teófilo,1
Weziel,1
Jeffté,1
Ayham,1
Luany,1
Alípio,1
Eloy,1
Finn,1
Gregório,1
Petros,1
Uday,1
Mouldi,1
Mawete,1
Zavian,1
Vitold,1
Ussumane,1
Toby,1
Tudor,1
kevin,1
Haider,1
Boanerges,1
Izet,1
Rihank,1
Luke,1
Agamveer,1
Adiv,1
Deep,1
Carly,1
Apollo,1
Haoran,1
Elmer,1
Giovanny,1
Ítalo,1
Pyetro,1
Josiah,1
Andry,1
Celestino,1
Nivaldo,1
Kaian,1
Mayke,1
Cós,1
Akio,1
Nivaan,1
Floriano,1
Emilian-Mycailo,1
Abrãao,1
Kosma,1
Juscelino,1
Weiyong,1
Vivaan,1
Elay,1
Yohaness,1
Devanshu,1
Redouane,1
Gerald,1
Faysal,1
Aaryav,1
Aksel,1
Ramzanbek,1
Haoyi,1
Éden,1
Shavya,1
Naksh,1
Arav,1
Ghael,1
Eduane,1
Aden,1
Aayush,1
Wali,1
Dyego,1
Alvaro,1
Abijot,1
Kristal,1
Randy,1
Said,1
Hazaelson,1
Hericson,1
Maxím,1
Ousmane,1
Thales,1
Luati,1
Sebastián,1
Azahel,1
Ivanildo,1
Wellington,1
Jan,1
Sahel,1
Nurik,1
Enrik,1
Timéo,1
Tony,1
Abrar,1
Augustin,1
Gilceir,1
Sunny,1
Hiwamy,1
Urias,1
Litos,1
Noor,1
Quévin,1
Maris,1
Hiyan,1
Subhan,1
Alexandr,1
Teo,1
Fayaaz,1
Malick,1
Wissam,1
Maximiano,1
Saihou,1
Enezer,1
Delfim,1
Kasper,1
Antônio,1
Artemio,1
Laxh,1
Jardel,1
Velkan,1
Kahan,1
Giannini,1
Jhonny,1
Azazias,1
Sean,1
Eduard-Florin,1
Aritz,1
Dimitrii,1
Sangdup,1
Dhruv,1
Muaaz,1
Rayn,1
Julyan,1
Heyden,1
Alexio,1
Zaid,1
Neemias,1
Tameem,1
Vasko,1
Porter,1
Kwezy,1
Nischal,1
Valton,1
Mikelson,1
Háchel,1
Joachim,1
Alessyo,1
Ailton,1
Kondua,1
Juwei,1
Elhadj,1
Spencer,1
Lorenz,1
Garvish,1
Rayyan,1
Cruz,1
Yuxuan,1
Aniket,1
Isandro,1
Jebin,1
Kevinn,1
Henil,1
Zuhain,1
Adhvic,1
Bevan,1
Tuncan,1
Gusttavo,1
Tymur,1
Eflatun,1
Kelvine,1
Samirjon,1
Mehdi,1
Brais,1
Abu,1
Denys,1
Alcino,1
Juul,1
Milan,1
Nicodemos,1
Ammar,1
Kaua,1
Manan,1
Jaaziel,1
Yannes,1
Stanislav,1
Sohayb,1
Vilson,1
Rubem,1
Élton,1
Serghei,1
Etiandro,1
Ameer,1
Éric,1
Abdoulaye,1
Isalécio,1
Aton,1
Favian,1
Abdour,1
Neon,1
EriK,1
Isack,1
Safat,1
Cheslav,1
Melvin,1
Kalifa,1
Nelsony,1
Saibou,1
Lamar,1
Malaquias,1
Gabriel-Nicolae,1
Danni,1
Elia,1
Raffaello,1
Marat,1
Aasutosh,1
Dannyel,1
Jocélio,1
Harrison,1
Damécoiul,1
Dennis,1
Sarfaraj,1
Lino,1
Lionel,1
Stelvio,1
Safwan,1
Lev,1
Kincas,1
Nádio,1
Salahiddin,1
Emiliano,1
Kemyh,1
Homero,1
Radut,1
Hui,1
Siyon,1
Arvik,1
Sofiene,1
Yousaf,1
Calasse,1
Geraldo,1
Bopcyen,1
Hriday,1
Khendrick,1
Emídio,1
Eusébio,1
Kelmen,1
Elish,1
Landerson,1
Rolex,1
Devin,1
Zixin,1
Dautarin,1
Odysseas,1
Kawinuar,1
Karamokho,1
Alecsandru,1
Raylander,1
Maxime,1
Wamy,1
Manzambi,1
Yann,1
Sinan,1
Ashron,1
Oskar,1
Rayh,1
Ben,1
Cristyan,1
Elber,1
Adenilson,1
Otniel,1
Arcanjo,1
Hailé,1
Diègo,1
Rocco,1
Aquilles,1
Tridib,1
Abdur,1
Maceo,1
Henzel,1
Fares,1
Leonidas,1
Gurwin,1
Ahmad,1
Zixuan,1
Parasdeep,1
Dhuvit,1
Karmanbir,1
Fanli,1
Jaivardhan,1
Tahiano,1
Lau,1
Stanil,1
Agirim,1
Natã,1
Serge,1
Deeko,1
Nasiruddin,1
Nathaniel,1
Ionut,1
Bhuvik,1
Khevin,1
Fidélio,1
Hersílio,1
Aurelian,1
Maaran,1
Zidane,1
Greyson,1
Lyubomir,1
Ilesh,1
Aguiell,1
Krish,1
Aníbal,1
Mann,1
Unnat,1
Umar,1
Aliou,1
Magnus,1
Yashmeet,1
Arilson,1
Samyol,1
Idálio,1
Sultan,1
Musab,1
Haroun,1
Mussab,1
Stefano,1
Xucheng,1
Subim,1
Almir,1
Êine,1
zichen,1
Malam,1
Ravier,1
Udeshya,1
Amaël,1
Ho,1
Zhivko,1
Thomaz,1
Volodymyr,1
Vitalie,1
Ádrian,1
Arman,1
Jaskirat,1
Guido,1
Ranieri,1
Norberto,1
Eyvan,1
Yacine,1
Jeovani,1
Adi,1
Riquelme,1
Evilazio,1
Ismaíl,1
Ajwaad,1
Kenzel,1
Otchalli,1
Jhordan,1
Taciano,1
Altair,1
Abaan,1
Kayllen,1
kendrick,1
Jiale,1
Bolin,1
Nodi,1
Sahat,1
Muriel,1
Wilkins,1
Nicola,1
Enockh,1
Imran,1
Kingston,1
Ramiro,1
Abrão,1
Hirak,1
Yanni,1
Jenoah,1
Wally,1
Jake,1
Zacur,1
Willion,1
Rian,1
Junye,1
Rômulo,1
Handerson,1
Aylton,1
Madílson,1
Gurnoor,1
Utkarsh,1
Dany,1
Muyinjon,1
Benjamín,1
Mahmoud,1
Sténio,1
Kristian,1
Gervásio,1
Hrehaan,1
Amit,1
Viktor,1
Melky,1
Ever,1
Aldair,1
Linar,1
Rodger,1
Taimur,1
Eliseo,1
Lorenço,1
Denzello,1
ShaKur,1
Tomasz,1
Araf,1
Kuziva,1
Vicenzo,1
Ammadu,1
Deicy,1
Nikson,1
Aagaman,1
Antón,1
Santino,1
Idelfrides,1
Masichukwu,1
Harjio,1
Wayamy,1
Mikola,1
Yudi,1
Farrux,1
Aldo,1
Alonzo,1
Wilian,1
Arielson,1
Krittrin,1
Aareesh,1
Hector,1
Martiniano,1
Rashid,1
Oleksiy,1
Cole,1
Jasiel,1
Bénur,1
Jesse,1
Neo,1
Avitaj,1
Everson,1
Ismail,1
Tchiene,1
Dai,1
Ramon,1
Edman,1
Adnísio,1
Shiva,1
Saatvik,1
Immanuel,1
Izael,1
Riquel,1
Ved,1
Youri,1
Mhamad,1
Otávio,1
Wytalo,1
Giani,1
Devlin,1
Rayane,1
Danil,1
Harron,1
Malcom,1
Dann,1
Teodoro,1
Kenil,1
Sátia,1
Rufino,1
Syed,1
Rubens,1
Simeão,1
Anatole,1
Julien,1
Nawaf,1
Ocean,1
Williams,1
Sekouba,1
Mayron,1
Nikola,1
Samman,1
Kyami,1
Idrissa,1
Eliseu,1
Artiom,1
Yifan,1
Kanye,1
Noa,1
Aagam,1
Elliott,1
Nícolas,1
Léon,1
Marilson,1
Zayden,1
Iuri,1
Aboubacar,1
Kaiser,1
Wayame,1
Derrick,1
Sohaan,1
Bacari,1
Castiel,1
Mouhamadou,1
Ritchel,1
Arseniy,1
Matvei,1
Justo,1
Amrit,1
Rio,1
Neymar,1
Nedylson,1
Harsit,1
Yusufbek,1
Jurik,1
Dereck,1
Mihael,1
Wildany,1
Tufayl,1
Yaman,1
Mirhat,1
Aariyan,1
Mariel,1
Lemilson,1
Delmar,1
Aristarch,1
Ucher,1
Asher,1
Mahfuz,1
Keylor,1
Ekamjot,1
Sadi,1
Adiel,1
Laziz,1
Zodi,1
Kleusio,1
Maks,1
Pan,1
Da,1
Constantino,1
Guillermo,1
Fernandinho,1
Oday,1
Zech,1
Tim,1
Maximillian,1
Delson,1
Yash,1
Armindo,1
Élmerson,1
Vraj,1
Abishkar,1
Shodiyor,1
Mike,1
Kevihn,1
Cleyton,1
Sébastien,1
Fhilipe,1
Rominio,1
Shelton,1
Rahul,1
Torcato,1
Sidak,1
Keizer,1
Mizael,1
Fabricio,1
Dídac,1
Kiezo,1
Fabien,1
Helvis,1
Cristopher,1
Darian,1
Mahad,1
Nickolas,1
Avish,1
Aadvik,1
Ioane,1
Yesalel,1
Nicolae,1
Isaak,1
Maikol,1
Jadhiel,1
Pranup,1
Giorgi,1
Ádrien,1
Mikhail,1
Wagnner,1
Alimou,1
Tejbir,1
Jupiter,1
Alit,1
Nishrit,1
Tristão,1
Finjo,1
Jáasiel,1
Kyenne,1
Mykola,1
Preeyam,1
Valteomar,1
Ran,1
Andres,1
Madjer,1
Euneson,1
Farruhbek,1
Vladimiro,1
Mubassher,1
Dharvin,1
Shreyan,1
Giovane,1
Mykhael,1
Melvyn,1
Alair,1
Ranael,1
Tamerlan,1
Haochen,1
Ritesh,1
Milo,1
Maikal,1
Wacill,1
Didier,1
Kayo,1
Yassin,1
Varis,1
Jiaqi,1
Kiril,1
Ray,1
Julio,1
Ansh,1
Moa,1
Wendell,1
Aawas,1
Dércio,1
Gabriele,1
Ezekiel,1
Custódio,1
Sameer,1
Alikih,1
Valdimir,1
Wady,1
Ludmiro,1
Nilsson,1
Nigut,1
Zinon,1
Yeshkirat,1
Almar,1
Gursahib,1
Amiran,1
Haris,1
Elmo,1
Jude,1
Connor,1
Élvio,1
Antero,1
Maciel,1
Yahnoah,1
Ahil,1
Jairson,1
Josemar,1
Bhargav,1
Gérson,1
Luíz,1
Chrystian,1
Sujit,1
Bambó,1
Zeferino,1
Neimar,1
Noble,1
Emaz,1
Oluwademilade,1
Ventura,1
Zihanwei,1
Marik,1
Angel,1
Guizat,1
Vasiliy,1
Rostislav,1
Darien,1
Leunammi,1
Samyar,1
Sahil,1
Geovani,1
Laurindo,1
Hasley,1
Cosme,1
Theodore,1
Cayden,1
Tejasveer,1
Keita,1
Vadym,1
Estéfano,1
Aldaír,1
Djason,1
Rafiq,1
Karlos,1
Swayam,1
Lizandro,1
Luale,1
Aravpreet,1
Tayyab,1
Octavio,1
Kayson,1
Muhammadamin,1
Ziany,1
Valquírio,1
Gaetano,1
Anas,1
Ling,1
Bubacar,1
Robson,1
Adley,1
Joao,1
Andy,1
Anuldjan,1
Nick,1
Andrian,1
Remy,1
Bless,1
Nikoloz,1
Cleo,1
Aadeep,1
Junlei,1
Navyug,1
Hermínio,1
Oziel,1
Raef,1
Hank,1
Lucenzo,1
Ayoub,1
Yousuf,1
Yiyang,1
Avelino,1
Otaniel,1
Agamjot,1
Aideen,1
Filêmon,1
Belzael,1
Prayag,1
Nolan,1
Gabi,1
Mikaell,1
Islombek,1
Zanil,1
Rhythm,1
Bozhko,1
Uezhu,1
Yakine,1
Timo,1
Mantegh,1
Hamidou,1
Raj,1
Akbar,1
Kacy,1
Flavius,1
Pavel,1
Héder,1
Ihan,1
Jeremy,1
Braian,1
Octave,1
Jashan,1
Kamronbek,1
Abduraxmon,1
Aayam,1
Lyon,1
Naveed,1
Darwin,1
Faizan,1
Octávio,1
Cayser,1
Daylson,1
Isak,1
Yago,1
kaio,1
Subin,1
Dérce,1
Zian,1
Adamo,1
Samyam,1
Elisama,1
Denny,1
Deni,1
Candance,1
Samba,1
Wheldon,1
Mamede,1
Kyan,1
Ageu,1
Adriá,1
Raghav,1
Zélio,1
Kidjó,1
Alfred,1
Kyo,1
Luenze,1
Haurio,1
Remi,1
Aslan,1
Yuvaan,1
Raimundo,1
Elliot,1
Taras,1
Moises,1
Abdoul,1
Dario,1
Milàn,1
Welson,1
Jorawar,1
Arsh,1
Tuti,1
Raylson,1
Dyari,1
Edvânio,1
Jahmal,1
Aracel,1
Real,1
Morgan,1
Maheep,1
Étienne,1
Ravidson,1
Hanniel,1
Jakson,1
Andre,1
Shadi,1
Dmitriy,1
Stephen,1
Nirbhik,1
Marc,1
Oriel,1
Pedru,1
Iacob,1
Wisillen,1
Mahdi,1
Kyani,1
Rahmoun,1
Délio,1
Aabhash,1
Miyon,1
François,1
Bivhan,1
Sabino,1
Mahir,1
Salviano,1
Olímpio,1
Dmitry,1
Kleber,1
Donnie,1
Lovejeet,1
Ilyas,1
Ludiney,1
Manaspreet,1
Dragos,1
Jozeny,1
Terry,1
Adulai,1
Alessio,1
Wassim,1
Gylson,1
Juvenal,1
Ronan,1
Zayan,1
Kyesse,1
Tamim,1
Achraf,1
Elvino,1
Mohid,1
Aleksi,1
Hian,1
Djamal,1
Daiki,1
Arturo,1
Dorivaldo,1
Isauro,1
Schneider,1
Adlésio,1
Amiel,1
Rushdaan,1
Isaí,1
Sevastian,1
Ulysses,1