Santiago,0
Francisco,0
João,0
Afonso,0
Rodrigo,0
Martim,0
Tomás,0
Duarte,0
Miguel,0
Gabriel,0
Lourenço,0
Gonçalo,0
Dinis,0
Guilherme,0
Pedro,0
Salvador,0
Rafael,0
Lucas,0
Tiago,0
Gustavo,0
Diogo,0
Vicente,0
José,0
David,0
Mateus,0
Simão,0
António,0
Diego,0
Manuel,0
Henrique,0
Daniel,0
Vasco,0
Bernardo,0
Enzo,0
André,0
Leonardo,0
Luís,0
Isaac,0
Eduardo,0
Alexandre,0
Kevin,0
Matias,0
Leandro,0
Filipe,0
Xavier,0
Rúben,0
Samuel,0
Ricardo,0
Artur,0
Valentim,0
Frederico,0
Lorenzo,0
Bryan,0
Bruno,0
Nuno,0
Benjamim,0
Carlos,0
Sebastião,0
Rui,0
Davi,0
Hugo,0
Noah,0
Joaquim,0
Mário,0
Tomé,0
Fábio,0
Paulo,0
Manel,0
Renato,0
Jorge,0
Jaime,0
Marco,0
Ângelo,0
Micael,0
Liam,0
Ivan,0
Matheus,0
William,0
Gaspar,0
Cristiano,0
Luca,0
Jonathan,0
Sérgio,0
Gil,0
Ivo,0
Brian,0
Arthur,0
Christian,0
Vítor,0
Yuri,0
Fernando,0
Dilan,0
Romeu,0
Caio,0
Isac,0
Emanuel,0
Sandro,0
Igor,0
Moisés,0
Mauro,0
César,0
Josué,0
Edgar,0
Elias,0
Victor,0
Joel,0
Alex,0
Telmo,0
Denis,0
Marcelo,0
Adrien,0
Álvaro,0
Dylan,0
Raúl,0
Muhammad,0
Nelson,0
Dário,0
Oliver,0
Thiago,0
Ismael,0
Márcio,0
Ian,0
Lisandro,0
Erik,0
Cláudio,0
Heitor,0
Martinho,0
Leo,0
Jonas,0
Wilson,0
Júlio,0
Caetano,0
Benjamin,0
Adriano,0
Raphael,0
Augusto,0
Martin,0
Marcos,0
Eric,0
Fl�vio,0
Mikael,0
Erick,0
Jason,0
James,0
Danilo,0
Adam,0
Levi,0
Mateo,0
Kelvin,0
Nicolas,0
Sebastian,0
Cau�,0
Thomas,0
Isaque,0
Misael,0
Alberto,0
Israel,0
Edson,0
Luan,0
Lukas,0
Mark,0
Ruben,0
Adriel,0
Jesus,0
Domingos,0
Denzel,0
Apolo,0
Ary,0
Alan,0
Nicolau,0
Alfredo,0
K�vim,0
Axel,0
Patrick,0
Giovani,0
Gerson,0
Aron,0
Luis,0
Leonel,0
Wesley,0
Ari,0
Roberto,0
H�lder,0
Vitor,0
Fausto,0
Joshua,0
Gael,0
Adonai,0
Henry,0
Crist�v�o,0
Nathan,0
Rog�rio,0
Caleb,0
Fabr�cio,0
Valentino,0
No�,0
Luka,0
Armando,0
Stefan,0
Bartolomeu,0
Anthony,0
Adrian,0
Samir,0
Ravi,0
Derick,0
Ryan,0
Luciano,0
Est�v�o,0
Theo,0
Cristian,0
Anderson,0
Davide,0
Abel,0
Ezequiel,0
Nataniel,0
Lucca,0
Dominic,0
Th�o,0
Alexander,0
Isa�as,0
Lopo,0
Marcus,0
Maxim,0
I�ri,0
Diniz,0
Amadeu,0
Oscar,0
Haniel,0
L�zaro,0
Ulisses,0
L�o,0
Alexandru,0
Raul,0
Jess�,0
Max,0
Steven,0
Ernesto,0
Leon,0
Maur�cio,0
Mohammad,0
Felipe,0
Kendrick,0
Filip,0
Juliano,0
Ang�lico,0
Rub�n,0
�di,0
Enrique,0
Lourenzo,0
Damien,0
Osvaldo,0
Al�xis,0
Zion,0
Matteo,0
Omar,0
Eduard,0
Zayn,0
Jayden,0
Kenny,0
Rubim,0
Olavo,0
Jonat�,0
Tierri,0
Bogdan,0
Kenzo,0
Aaron,0
Saulo,0
Pietro,0
Kai,0
Breno,0
Jair,0
Helder,0
Uriel,0
Luiz,0
Rayan,0
Mohammed,0
Dante,0
Aiden,0
Jackson,0
Fred,0
Amir,0
Stephan,0
Mamadou,0
Valdemar,0
J�ni,0
Evan,0
Hazael,0
Fabiano,0
Ibrahim,0
Juan,0
Robert,0
Michael,0
Natanael,0
Aayan,0
H�lio,0
Adilson,0
�der,0
Silvestre,0
Jordan,0
Tito,0
Taylor,0
Logan,0
Leonard,0
J�nior,0
Bento,0
K�vin,0
Gui,0
Aryan,0
Pablo,0
J�natas,0
Elvis,0
Joabe,0
Alonso,0
Jefferson,0
Deivid,0
Darius,0
Serigne,0
Eli,0
Giovanni,0
Rom�o,0
F�lix,0
Daniil,0
Kaique,0
Kau�,0
George,0
Mathias,0
Vladislav,0
Adri�n,0
R�di,0
Kylian,0
Gilson,0
Damian,0
Gast�o,0
Ianis,0
Azael,0
Cael,0
Mickael,0
Jack,0
Sam,0
Angelo,0
Fabio,0
Alejandro,0
Isael,0
Francesco,0
Valentin,0
Aarav,0
Kirill,0
Andrei,0
Mohamed,0
D�nis,0
Abner,0
Roman,0
Adolfo,0
Gilberto,0
�scar,0
Dav�,0
Artem,0
Kelson,0
Ayan,0
Antonio,0
Timur,0
Lyan,0
Ruan,0
Louis,0
Salom�o,0
Simon,0
Willian,0
D�vi,0
Matthew,0
Romeo,0
Kauan,0
Iago,0
Tobias,0
Nilson,0
Kayden,0
M�lton,0
Ahmed,0
Ibrahima,0
Julian,0
Agostinho,0
Lenny,0
Abraim,0
Eliel,0
Hendrick,0
Aleks,0
Vin�cius,0
Ethan,0
Allan,0
Abdullah,0
Jacob,0
Kevyn,0
Nikolas,0
Edmar,0
Nikita,0
Vlad,0
Murilo,0
Baltasar,0
Ac�cio,0
Elijah,0
Yaroslav,0
Dino,0
Jeremias,0
V�lter,0
Anselmo,0
Lic�nio,0
Djeison,0
Baltazar,0
Ren�,0
Edmilson,0
Aleksandr,0
Thierry,0
�lson,0
Eug�nio,0
Oleksandr,0
Reyansh,0
Sami,0
Arham,0
Edward,0
Andrew,0
Yannick,0
Rodolfo,0
Ronaldo,0
Yi,0
Michel,0
L�cio,0
Maksim,0
El�sio,0
Eliab,0
Eliezer,0
Gelson,0
Mihai,0
Humberto,0
El�i,0
Denilson,0
Viriato,0
Mason,0
Mateu,0
Harry,0
Sidney,0
Orlando,0
Andriy,0
Davy,0
�tila,0
Jairo,0
S�lvio,0
Il�dio,0
Am�lcar,0
Emmanuel,0
Dani,0
Nilton,0
Matvey,0
Serafim,0
Mario,0
Evandro,0
Arlindo,0
Kian,0
Edilson,0
M�lvin,0
Ederson,0
Walter,0
Keven,0
Nicol�s,0
Kleyton,0
Josias,0
Gonzalo,0
Adelino,0
Iker,0
Marius,0
Aahan,0
Demian,0
Jayson,0
Arnaldo,0
Ariel,0
Ildo,0
Owen,0
Anilson,0
C�lio,0
Eli�zer,0
D�lcio,0
Jean,0
Musa,0
Riyansh,0
Marvin,0
Aleksander,0
Djeyson,0
Dumitru,0
Ma�l,0
Franklin,0
Theodoro,0
�ureo,0
Sandiego,0
Calebe,0
�din,0
Abra�o,0
D�cio,0
Fabrizio,0
Yannis,0
Leone,0
Saif,0
Saliou,0
Marko,0
Yuvraj,0
Kimi,0
Tian,0
Gonzaga,0
�liver,0
Ben�cio,0
Aramis,0
Fabian,0
Seco,0
Vital,0
Sahas,0
Matei,0
Oceano,0
Amine,0
Jawad,0
Youssef,0
Emir,0
Jay,0
Danylo,0
Jailson,0
Kiame,0
Yohan,0
Jasmim,0
Brayan,0
�lio,0
Jerry,0
Halley,0
Eden,0
Jacinto,0
Pak,0
Alessandro,0
Shayan,0
Euclides,0
Gianni,0
Mart�n,0
Aleksey,0
Dalton,0
Marlon,0
Hakeem,0
Conrado,0
Jad,0
Alexandro,0
Rihan,0
Hao,0
Adryan,0
Lauriano,0
Vincent,0
Willyan,0
Jer�nimo,0
Enzi,0
Richard,0
Ayaan,0
Celso,0
Yeshua,0
C�drick,0
Lewis,0
Aylan,0
Zyon,0
Fern�o,0
Dimas,0
Jerson,0
Gurtej,0
Francis,0
N�lson,0
Dmytro,0
Albert,0
Calvin,0
Mauricio,0
Viaan,0
Tim�teo,0
Dorian,0
Aarnav,0
Alexey,0
Gheorghe,0
Graciano,0
Anael,0
Keanu,0
Aur�lio,0
Matheo,0
Emerson,0
Alcides,0
Kiese,0
Renan,0
Briyan,0
Vagner,0
Eros,0
Maksym,0
Bilal,0
Algassimou,0
Jimmy,0
Ishan,0
Ruby,0
Aleksandar,0
Am�ndio,0
Zorawar,0
Brayn,0
Ali,0
Luccas,0
Moussa,0
Mariano,0
Mankirat,0
Yanis,0
Sancho,0
Charlie,0
Silas,0
Philipp,0
Vando,0
Solano,0
Reinaldo,0
Toni,0
Bernardino,0
Messias,0
Sidnei,0
Kennedy,0
Ab�lio,0
Kiene,0
N�lio,0
Matviy,0
Fedor,0
Oumar,0
Braima,0
Rodney,0
Aquiles,0
Kaio,0
�caro,0
Mat�as,0
Val�rio,0
Emilio,0
Lyam,0
Aleksandre,0
Eder,0
Kelton,0
Zacarias,0
D�rcio,0
Maxwell,0
Christyan,0
�ven,0
Mattia,0
Jaden,0
Janai,0
Manass�s,0
Thom�s,0
Taha,0
Konstantin,0
Figo,0
Lincoln,0
Eleazar,0
Marcellus,0
Aires,0
Estev�o,0
Hayden,0
Aidan,0
John,0
Hern�ni,0
Aarush,0
Davidson,0
Derek,0
Narciso,0
Ad�lio,0
Levy,0
Prerak,0
Rom�rio,0
Alfa,0
Nicollas,0
Etienne,0
Tyler,0
Mamad�,0
Manoel,0
Dami�o,0
Jelson,0
Weslley,0
Zyan,0
Bo,0
�rico,0
Unai,0
Aziz,0
Alvin,0
Asafe,0
Prince,0
Milton,0
Santhiago,0
Catalin,0
Abraham,0
Natan,0
Amilton,0
Felix,0
Eurico,0
Ces�rio,0
Nahyan,0
Allen,0
Carlo,0
Meet,0
Zeus,0
Bruce,0
Nikolay,0
Russel,0
Gurjas,0
Abubacar,0
Jonatas,0
Enrico,0
Suyog,0
Flavio,0
Luigi,0
Nikolai,0
Ars�nio,0
Ioan,0
Magno,0
Wayne,0
Yu,0
Lucio,0
Dinarte,0
Aly,0
Yan,0
Henzo,0
Nirbesh,0
Priyan,0
Adab,0
Md,0
Ozan,0
Admar,0
Herisil,0
Raman,0
Edelmiro,0
Malcolm,0
Zafar,0
Johnatan,0
Mihail,0
Jia,0
Rullyan,0
Darsh,0
Ibra,0
Sehbaaz,0
Danielson,0
Priyank,0
Aimar,0
Tomaz,0
Zaaef,0
Khael,0
Jingyi,0
Dean,0
Philipe,0
Tyson,0
Ledilson,0
Rapha�l,0
Bayaan,0
Vladmir,0
Giancarlo,0
Anhad,0
Livio,0
Lok,0
Imad,0
Hadley,0
Antoni,0
Jeryckson,0
Kenrick,0
Braiden,0
Damir,0
Eddie,0
Aariv,0
Arlo,0
Niandro,0
Mansan,0
Harjasbir,0
Krinch,0
Vanilson,0
Ohan,0
Djayden,0
Jaylson,0
Rav�,0
Esaias,0
Nafsat,0
Oleg,0
Alfrendinho,0
Yaiden,0
Rangel,0
Xo�n,0
Reyjianne,0
Rishab,0
Isadai,0
K�ren,0
Awanish,0
Bassa,0
Rudi,0
Nur,0
Amado,0
Matisse,0
Sulaiman,0
Ludgero,0
Clarson,0
Levick,0
Ross,0
Bensson,0
Oussuman,0
Jos�lio,0
Gualter,0
Alisson,0
Youmer,0
Wilker,0
Tegvirat,0
Teodor,0
Rafel,0
Mirko,0
Valter,0
Hamza,0
Siddarta,0
Mattin,0
Bernado,0
Helmer,0
Fidel,0
Loris,0
Maylon,0
Gleb,0
Denil,0
Elcimar,0
Mamadu,0
Elisei,0
Eleobel,0
Epandy,0
Gon�alves,0
Kiani,0
Joni,0
Aryel,0
Ashrafov,0
Chandra,0
Ivanilson,0
Galen,0
Olivier,0
Stivan,0
Tiamo,0
Luther,0
Yahel,0
Hulk,0
Douglas,0
Davit,0
Luc�nio,0
Liyo,0
Federico,0
Ziad,0
Hedeler,0
Elison,0
Heldmar,0
Pascoal,0
Kaichen,0
Dayban,0
Prashil,0
Ulugbek,0
Shivaay,0
Iven,0
Emil,0
Koby,0
Liev,0
Heet,0
Ekamdeep,0
Pieter,0
Zakaria,0
Djalmo,0
Esanjo,0
Hariel,0
Danny,0
Mikaal,0
Wesillen,0
Mouhamad,0
Liedson,0
Ravydson,0
Chester,0
Muhamed,0
Kalebe,0
Soan,0
Shahood,0
Inti,0
Antoniusz,0
Jeremyah,0
Deniz,0
Haidam,0
Shalev,0
Mathys,0
Paolo,0
Kelt,0
Camnate,0
Joelson,0
Benevolo,0
Anatoly,0
Ehan,0
MD,0
Uriah,0
Hardik,0
Ekumbi,0
Mankirt,0
B�,0
Rony,0
Edney,0
Hiram,0
Roangel,0
Marlond,0
Yssanzo,0
Jhonathan,0
Thor,0
Rosil,0
Di�go,0
Kaleb,0
Dmitrii,0
Hor�cio,0
Tymofiy,0
K�van,0
Rikelmy,0
Antony,0
Tianyan,0
Amarildo,0
Ismoilkhon,0
Shoxjaxon,0
Maximilian,0
Andreas,0
Loreanne,0
Sviatoslav,0
Mohamad,0
Kyllen,0
Malik,0
Yoshiya,0
Giuseppe,0
Watson,0
Xelzio,0
Norato,0
Romilton,0
Furqan,0
Tanishq,0
Ednilson,0
Erikson,0
Jeremiah,0
Andrey,0
Gurtaj,0
Mahbeer,0
Illiya,0
Zayyan,0
Ikemdinachukwu,0
Tegdeep,0
Karna,0
Kamal,0
Havik,0
Sa�l,0
Enoque,0
Clife,0
Tawseef,0
Geo,0
Br�ulio,0
Nia,0
Kleiton,0
Kadosh,0
M�ximo,0
Hexuan,0
Mauri,0
Joaqu�n,0
Ad�nis,0
Manuel-Jos�,0
Djaim,0
Jabneel,0
Br�s,0
Raufe,0
Marlous,0
Hochai,0
Claudino,0
Nigel,0
Tafhim,0
Zehui,0
Ferdinand,0
Andr�s,0
Jes�s,0
Daelve,0
Cezar,0
Desejado,0
Willmer,0
Roah,0
Launyo,0
Clemente,0
Iason,0
Sahibjot,0
Efraim,0
Lamine,0
Andrii,0
Kenneth,0
Robin,0
Fabi�n,0
Nicolseon,0
Pifte,0
Fredy,0
Laurentiu,0
Janio,0
Nayan,0
Taim,0
Jerral,0
Sacha,0
Jules,0
Kenan,0
Saeed,0
Mayel,0
Prasab,0
Syon,0
Junior,0
Uneet,0
Rudney,0
Samora,0
Harshak,0
Rosalino,0
Kyran,0
Ilyan,0
Mame,0
Ondjala,0
Dion�sio,0
Deny,0
Tayson,0
Donald,0
R�mulo,0
Enilson,0
Jayronn,0
Edmundo,0
Nimit,0
Wallison,0
pedro,0
Sadrak,0
Yoshua,0
Alexandrino,0
Dyliam,0
Laksh,0
Osmy,0
Galang,0
Willmar,0
Ezra,0
Uziel,0
Luwamy,0
Hio,0
Rihaansh,0
Iosebi,0
De�genes,0
Quim,0
Elvin,0
Niten,0
Jujharveer,0
Haziel,0
Rishit,0
Marley,0
Dayvon,0
Usemua,0
Mahian,0
Kailas,0
Yohanne,0
Jared,0
Luciel,0
Ayomi,0
Suikar,0
Esteban,0
Marcelino,0
Eldes,0
Yohanny,0
Maurio,0
Matviei,0
Ben-Hur,0
Nael,0
David-Adrian,0
Egor,0
Peter,0
Samarbir,0
�ros,0
Tom�z,0
Constantin,0
Artyom,0
Manrajpreet,0
Witsel,0
Leoatle,0
Heron,0
Yohane,0
Dayven,0
Danilson,0
Zuhad,0
Neysson,0
Bonif�cio,0
Shubh,0
Mounir,0
Nerhy,0
Joseberto,0
Jhaynir,0
Dhatalo,0
Samartha,0
Momin,0
Jenelson,0
Marcus-Emil,0
Hussein,0
T�rcio,0
Jaziel,0
Domi,0
Heider,0
Aras,0
Thierno,0
Irshade,0
Nero,0
Keyson,0
Troy,0
Arseniu,0
Eki,0
Rainner,0
Lietson,0
Allisson,0
Adhrit,0
V�lson,0
Dariu,0
Agrim,0
Raffael,0
J�,0
Quinn,0
Avraj,0
Nelmar,0
Donato,0
Ondjaki,0
Matt,0
Riyadh,0
Deiny,0
Wagner,0
Haikal,0
Idris,0
Tchiovany,0
Otaviu,0
Jabulani,0
Cheick,0
Naman,0
Derik,0
Sergio,0
Ihsan,0
Cassiano,0
Jodhveer,0
Helton,0
Sambela,0
Janivaldo,0
Kismatpreet,0
Ridwan,0
Lehan,0
L�vi,0
Gurjot,0
Seliel,0
Wendhell,0
Mustafa,0
Biren,0
Gaurish,0
Braylen,0
Kiamy,0
Izaiah,0
Kelcio,0
Eliam,0
Isslam,0
Ayyan,0
Issagha,0
Ivander,0
Carmichael,0
Sergey,0
Angadbir,0
Andr�i,0
Christos,0
Jasmeet,0
Musabin,0
Ostap,0
Ibraima,0
Golden,0
Elson,0
Yun,0
Sonny,0
Wallace,0
Jeferson,0
Qasim,0
Umaro,0
Xiangyun,0
Daivon,0
G�nesis,0
Oseias,0
Arifur,0
Dominik,0
Kaiyang,0
Illya,0
Laith,0
Lissandro,0
Petro,0
Shreyas,0
Shahzodjon,0
Lib�rio,0
Adryann,0
Kielson,0
D�niel,0
Lyonel,0
D�rick,0
Grizman,0
Henish,0
Benedito,0
Timothy,0
Evgeniy,0
Juli�o,0
Atalay,0
Raheem,0
Elionai,0
Shunyuk,0
Rihadur,0
Ivaan,0
Marvim,0
Vansh,0
Ludwin,0
Cid,0
Marwane,0
Abbaad,0
Jayr,0
Aaditya,0
Yunay,0
Tao,0
Virpartap,0
Vidyut,0
T�o,0
S�lvio,0
Vanderson,0
Tama,0
Alpha,0
Jin,0
Ruslan,0
Erickson,0
Jiyan,0
Kiami,0
Baciro,0
Cristhian,0
Reyaan,0
Haley,0
Rachid,0
Flynn,0
Harsh,0
Arhaan,0
�rick,0
Pranish,0
kelvin,0
�lan,0
Gl�uber,0
Tanveer,0
Dawilton,0
Hossi,0
Hyann,0
Gabriell,0
Reuben,0
Joseph,0
Xaday,0
Dashawan,0
Filippo,0
Issa,0
Erisson,0
Albano,0
Danyel,0
Odjaime,0
Anton,0
Nahime,0
Sai,0
Linus,0
Lennor,0
Alisher,0
Winston,0
Layyin,0
Yohano,0
Enzel,0
Belarmino,0
Te�filo,0
Weziel,0
Jefft�,0
Ayham,0
Luany,0
Al�pio,0
Eloy,0
Finn,0
Greg�rio,0
Petros,0
Uday,0
Mouldi,0
Mawete,0
Zavian,0
Vitold,0
Ussumane,0
Toby,0
Tudor,0
kevin,0
Haider,0
Boanerges,0
Izet,0
Rihank,0
Luke,0
Agamveer,0
Adiv,0
Deep,0
Carly,0
Apollo,0
Haoran,0
Elmer,0
Giovanny,0
�talo,0
Pyetro,0
Josiah,0
Andry,0
Celestino,0
Nivaldo,0
Kaian,0
Mayke,0
C�s,0
Akio,0
Nivaan,0
Floriano,0
Emilian-Mycailo,0
Abr�ao,0
Kosma,0
Juscelino,0
Weiyong,0
Vivaan,0
Elay,0
Yohaness,0
Devanshu,0
Redouane,0
Gerald,0
Faysal,0
Aaryav,0
Aksel,0
Ramzanbek,0
Haoyi,0
�den,0
Shavya,0
Naksh,0
Arav,0
Ghael,0
Eduane,0
Aden,0
Aayush,0
Wali,0
Dyego,0
Alvaro,0
Abijot,0
Kristal,0
Randy,0
Said,0
Hazaelson,0
Hericson,0
Max�m,0
Ousmane,0
Thales,0
Luati,0
Sebasti�n,0
Azahel,0
Ivanildo,0
Wellington,0
Jan,0
Sahel,0
Nurik,0
Enrik,0
Tim�o,0
Tony,0
Abrar,0
Augustin,,0
Gilceir,0
Sunny,0
Hiwamy,0
Urias,0
Litos,0
Noor,0
Qu�vin,0
Maris,0
Hiyan,0
Subhan,0
Alexandr,0
Teo,0
Fayaaz,0
Malick,0
Wissam,0
Maximiano,0
Saihou,0
Enezer,0
Delfim,0
Kasper,0
Ant�nio,0
Artemio,0
Laxh,0
Jardel,0
Velkan,0
Kahan,0
Giannini,0
Jhonny,0
Azazias,0
Sean,0
Eduard-Florin,0
Aritz,0
Dimitrii,0
Sangdup,0
Dhruv,0
Muaaz,0
Rayn,0
Julyan,0
Heyden,0
Alexio,0
Zaid,0
Neemias,0
Tameem,0
Vasko,0
Porter,0
Kwezy,0
Nischal,0
Valton,0
Mikelson,0
H�chel,0
Joachim,0
Alessyo,0
Ailton,0
Kondua,0
Juwei,0
Elhadj,0
Spencer,0
Lorenz,0
Garvish,0
Rayyan,0
Cruz,0
Yuxuan,0
Aniket,0
Isandro,0
Jebin,0
Kevinn,0
Henil,0
Zuhain,0
Adhvic,0
Bevan,0
Tuncan,0
Gusttavo,0
Tymur,0
Eflatun,0
Kelvine,0
Samirjon,0
Mehdi,0
Brais,0
Abu,0
Denys,0
Alcino,0
Juul,0
Milan,0
Nicodemos,0
Ammar,0
Kaua,0
Manan,0
Jaaziel,0
Yannes,0
Stanislav,0
Sohayb,0
Vilson,0
Rubem,0
�lton,0
Serghei,0
Etiandro,0
Ameer,0
�ric,0
Abdoulaye,0
Isal�cio,0
Aton,0
Favian,0
Abdour,0
Neon,0
EriK,0
Isack,0
Safat,0
Cheslav,0
Melvin,0
Kalifa,0
Nelsony,0
Saibou,0
Lamar,0
Malaquias,0
Gabriel-Nicolae,0
Danni,0
Elia,0
Raffaello,0
Marat,0
Aasutosh,0
Dannyel,0
Joc�lio,0
Harrison,0
Dam�coiul,0
Dennis,0
Sarfaraj,0
Lino,0
Lionel,0
Stelvio,0
Safwan,0
Lev,0
Kincas,0
N�dio,0
Salahiddin,0
Emiliano,0
Kemyh,0
Homero,0
Radut,0
Hui,0
Siyon,0
Arvik,0
Sofiene,0
Yousaf,0
Calasse,0
Geraldo,0
Bopcyen,0
Hriday,0
Khendrick,0
Em�dio,0
Eus�bio,0
Kelmen,0
Elish,0
Landerson,0
Rolex,0
Devin,0
Zixin,0
Dautarin,0
Odysseas,0
Kawinuar,0
Karamokho,0
Alecsandru,0
Raylander,0
Maxime,0
Wamy,0
Manzambi,0
Yann,0
Sinan,0
Ashron,0
Oskar,0
Rayh,0
Ben,0
Cristyan,0
Elber,0
Adenilson,0
Otniel,0
Arcanjo,0
Hail�,0
Di�go,0
Rocco,0
Aquilles,0
Tridib,0
Abdur,0
Maceo,0
Henzel,0
Fares,0
Leonidas,0
Gurwin,0
Ahmad,0
Zixuan,0
Parasdeep,0
Dhuvit,0
Karmanbir,0
Fanli,0
Jaivardhan,0
Tahiano,0
Lau,0
Stanil,0
Agirim,0
Nat�,0
Serge,0
Deeko,0
Nasiruddin,0
Nathaniel,0
Ionut,0
Bhuvik,0
Khevin,0
Fid�lio,0
Hers�lio,0
Aurelian,0
Maaran,0
Zidane,0
Greyson,0
Lyubomir,0
Ilesh,0
Aguiell,0
Krish,0
An�bal,0
Mann,0
Unnat,0
Umar,0
Aliou,0
Magnus,0
Yashmeet,0
Arilson,0
Samyol,0
Id�lio,0
Sultan,0
Musab,0
Haroun,0
Mussab,0
Stefano,0
Xucheng,0
Subim,0
Almir,0
Susana,0
�ine,0
zichen,0
Malam,0
Ravier,0
Udeshya,0
Ama�l,0
Ho,0
Zhivko,0
Thomaz,0
Volodymyr,0
Vitalie,0
�drian,0
Arman,0
Jaskirat,0
Guido,0
Ranieri,0
Norberto,0
Eyvan,0
Yacine,0
Jeovani,0
Adi,0
Riquelme,0
Ana,0
Evilazio,0
Isma�l,0
Ajwaad,0
Kenzel,0
Otchalli,0
Jhordan,0
Taciano,0
Altair,0
Abaan,0
Kayllen,0
kendrick,0
Jiale,0
Bolin,0
Nodi,0
Sahat,0
Muriel,0
Wilkins,0
Nicola,0
Enockh,0
Imran,0
Kingston,0
Ramiro,0
Abr�o,0
Hirak,0
Yanni,0
Jenoah,0
Wally,0
Jake,0
Zacur,0
Willion,0
Rian,0
Junye,0
R�mulo,0
Handerson,0
Aylton,0
Mad�lson,0
Gurnoor,0
Utkarsh,0
Dany,0
Muyinjon,0
Benjam�n,0
Mahmoud,0
St�nio,0
Kristian,0
Gerv�sio,0
Hrehaan,0
Amit,0
Viktor,0
Melky,0
Ever,0
Aldair,0
Linar,0
Rodger,0
Taimur,0
Eliseo,0
Loren�o,0
Denzello,0
ShaKur,0
Tomasz,0
Araf,0
Kuziva,0
Vicenzo,0
Ammadu,0
Deicy,0
Nikson,0
Aagaman,0
Ant�n,0
Santino,0
Idelfrides,0
Masichukwu,0
Harjio,0
Wayamy,0
Mikola,0
Yudi,0
Farrux,0
Aldo,0
Alonzo,0
Wilian,0
Arielson,0
Krittrin,0
Aareesh,0
Hector,0
Martiniano,0
Rashid,0
Oleksiy,0
Cole,0
Jasiel,0
B�nur,0
Jesse,0
Neo,0
Avitaj,0
Everson,0
Ismail,0
Tchiene,0
Dai,0
Ramon,0
Edman,0
Adn�sio,0
Shiva,0
Saatvik,0
Immanuel,0
Izael,0
Riquel,0
Ved,0
Youri,0
Mhamad,0
Ot�vio,0
Wytalo,0
Giani,0
Devlin,0
Rayane,0
Danil,0
Harron,0
Malcom,0
Dann,0
Teodoro,0
Kenil,0
S�tia,0
Rufino,0
Syed,0
Rubens,0
Sime�o,0
Anatole,0
Julien,0
Nawaf,0
Ocean,0
Williams,0
Sekouba,0
Mayron,0
Nikola,0
Samman,0
Kyami,0
Idrissa,0
Eliseu,0
Artiom,0
Yifan,0
Kanye,0
Noa,0
Aagam,0
Elliott,0
N�colas,0
L�on,0
Marilson,0
Zayden,0
Iuri,0
Aboubacar,0
Kaiser,0
Wayame,0
Derrick,0
Sohaan,0
Bacari,0
Castiel,0
Mouhamadou,0
Ritchel,0
Arseniy,0
Matvei,0
Justo,0
Amrit,0
Rio,0
Neymar,0
Nedylson,0
Harsit,0
Yusufbek,0
Jurik,0
Dereck,0
Mihael,0
Wildany,0
Tufayl,0
Yaman,0
Mirhat,0
Aariyan,0
Mariel,0
Lemilson,0
Delmar,0
Aristarch,0
Ucher,0
Asher,0
Mahfuz,0
Keylor,0
Ekamjot,0
Sadi,0
Adiel,0
Laziz,0
Zodi,0
Kleusio,0
Maks,0
Pan,0
Da,0
Constantino,0
Guillermo,0
Fernandinho,0
Oday,0
Zech,0
Tim,0
Maximillian,0
Delson,0
Yash,0
Armindo,0
�lmerson,0
Vraj,0
Abishkar,0
Shodiyor,0
Mike,0
Kevihn,0
Cleyton,0
S�bastien,0
Fhilipe,0
Rominio,0
Shelton,0
Rahul,0
Torcato,0
Sidak,0
Keizer,0
Mizael,0
Fabricio,0
D�dac,0
Kiezo,0
Fabien,0
Helvis,0
Cristopher,0
Darian,0
Mahad,0
Nickolas,0
Avish,0
Aadvik,0
Ioane,0
Yesalel,0
Nicolae,0
Isaak,0
Maikol,0
Jadhiel,0
Pranup,0
Giorgi,0
�drien,0
Mikhail,0
Wagnner,0
Alimou,0
Tejbir,0
Jupiter,0
Alit,0
Nishrit,0
Trist�o,0
Finjo,0
J�asiel,0
Kyenne,0
Mykola,0
Preeyam,0
Valteomar,0
Ran,0
Andres,0
Madjer,0
Euneson,0
Farruhbek,0
Vladimiro,0
Mubassher,0
Dharvin,0
Shreyan,0
Giovane,0
Mykhael,0
Melvyn,0
Alair,0
Ranael,0
Tamerlan,0
Haochen,0
Ritesh,0
Milo,0
Maikal,0
Wacill,0
Didier,0
Kayo,0
Yassin,0
Varis,0
Jiaqi,0
Kiril,0
Ray,0
Julio,0
Ansh,0
Moa,0
Wendell,0
Aawas,0
D�rcio,0
Gabriele,0
Ezekiel,0
Cust�dio,0
Sameer,0
Alikih,0
Valdimir,0
Wady,0
Ludmiro,0
Nilsson,0
Nigut,0
Zinon,0
Yeshkirat,0
Almar,0
Gursahib,0
Amiran,0
Haris,0
Elmo,0
Jude,0
Connor,0
�lvio,0
Antero,0
Maciel,0
Yahnoah,0
Ahil,0
Jairson,0
Josemar,0
Bhargav,0
G�rson,0
Lu�z,0
Chrystian,0
Sujit,0
Bamb�,0
Zeferino,0
Neimar,0
Noble,0
Emaz,0
Oluwademilade,0
Ventura,0
Zihanwei,0
Marik,0
Angel,0
Guizat,0
Vasiliy,0
Rostislav,0
Darien,0
Leunammi,0
Samyar,0
Sahil,0
Geovani,0
Laurindo,0
Hasley,0
Cosme,0
Theodore,0
Cayden,0
Tejasveer,0
Keita,0
Vadym,0
Est�fano,0
Alda�r,0
Djason,0
Rafiq,0
Karlos,0
Swayam,0
Lizandro,0
Luale,0
Aravpreet,0
Tayyab,0
Octavio,0
Kayson,0
Muhammadamin,0
Ziany,0
Valqu�rio,0
Gaetano,0
Anas,0
Ling,0
Bubacar,0
Robson,0
Adley,0
Joao,0
Andy,0
Anuldjan,0
Nick,0
Andrian,0
Remy,0
Bless,0
Nikoloz,0
Cleo,0
Aadeep,0
Junlei,0
Navyug,0
Herm�nio,0
Oziel,0
Raef,0
Hank,0
Lucenzo,0
Ayoub,0
Yousuf,0
Yiyang,0
Avelino,0
Otaniel,0
Agamjot,0
Aideen,0
Fil�mon,0
Belzael,0
Prayag,0
Nolan,0
Gabi,0
Mikaell,0
Islombek,0
Zanil,0
Rhythm,0
Bozhko,0
Uezhu,0
Yakine,0
Timo,0
Mantegh,0
Hamidou,0
Raj,0
Akbar,0
Kacy,0
Flavius,0
Pavel,0
H�der,0
Ihan,0
Jeremy,0
Braian,0
Octave,0
Jashan,0
Kamronbek,0
Abduraxmon,0
Aayam,0
Lyon,0
Naveed,0
Darwin,0
Faizan,0
Oct�vio,0
Cayser,0
Daylson,0
Isak,0
Yago,0
kaio,0
Subin,0
D�rce,0
Zian,0
Adamo,0
Samyam,0
Elisama,0
Denny,0
Deni,0
Candance,0
Samba,0
Wheldon,0
Mamede,0
Kyan,0
Ageu,0
Adri�,0
Raghav,0
Z�lio,0
Kidj�,0
Alfred,0
Kyo,0
Luenze,0
Haurio,0
Remi,0
Aslan,0
Yuvaan,0
Raimundo,0
Elliot,0
Taras,0
Moises,0
Abdoul,0
Dario,0
Mil�n,0
Welson,0
Jorawar,0
Arsh,0
Tuti,0
Raylson,0
Dyari,0
Edv�nio,0
Jahmal,0
Aracel,0
Real,0
Morgan,0
Maheep,0
�tienne,0
Ravidson,0
Hanniel,0
Jakson,0
Andre,0
Shadi,0
Dmitriy,0
Stephen,0
Nirbhik,0
Marc,0
Oriel,0
Pedru,0
Iacob,0
Wisillen,0
Mahdi,0
Kyani,0
Rahmoun,0
D�lio,0
Aabhash,0
Miyon,0
Fran�ois,0
Bivhan,0
Sabino,0
Mahir,0
Salviano,0
Ol�mpio,0
Dmitry,0
Kleber,0
Donnie,0
Lovejeet,0
Ilyas,0
Ludiney,0
Manaspreet,0
Dragos,0
Jozeny,0
Terry,0
Adulai,0
Alessio,0
Wassim,0
Gylson,0
Juvenal,0
Ronan,0
Zayan,0
Kyesse,0
Tamim,0
Achraf,0
Elvino,0
Mohid,0
Aleksi,0
Hian,0
Djamal,0
Daiki,0
Arturo,0
Dorivaldo,0
Isauro,0
Schneider,0
Adl�sio,0
Amiel,0
Rushdaan,0
Isa�,0
Sevastian,0
Ulysses,0
Maria,1
Leonor,1
Matilde,1
Beatriz,1
Carolina,1
Mariana,1
Ana,1
Sofia,1
Francisca,1
In�s,1
Margarida,1
Clara,1
Lara,1
Alice,1
Laura,1
Benedita,1
Diana,1
Madalena,1
Joana,1
Camila,1
Bianca,1
Mafalda,1
�ris,1
Vit�ria,1
Constan�a,1
Luana,1
Sara,1
Let�cia,1
Gabriela,1
Rita,1
Eva,1
Mara,1
Yara,1
Ema,1
Ariana,1
Lu�sa,1
Carlota,1
Yasmin,1
Carminho,1
Helena,1
Catarina,1
Valentina,1
Vict�ria,1
J�lia,1
Al�cia,1
Marta,1
Noa,1
Rafaela,1
Kyara,1
Teresa,1
Nicole,1
Melissa,1
Iara,1
Bruna,1
Luena,1
Isabel,1
Daniela,1
N�ria,1
Miriam,1
Filipa,1
Luna,1
Lia,1
Raquel,1
B�rbara,1
Caetana,1
Mia,1
�urea,1
Aurora,1
Juliana,1
Ol�via,1
Am�lia,1
J�ssica,1
Kelly,1
�rica,1
Pilar,1
Naiara,1
M�lanie,1
Isabela,1
Adriana,1
D�bora,1
Lorena,1
Isis,1
Emma,1
Julieta,1
Alexandra,1
Elisa,1
Frederica,1
Soraia,1
Tatiana,1
Eduarda,1
Chloe,1
Safira,1
Isabella,1
Mayara,1
Rosa,1
Em�lia,1
Vera,1
Sophia,1
Fabiana,1
Flor,1
Irina,1
Petra,1
Paloma,1
Luciana,1
N�dia,1
Luz,1
Alana,1
Ester,1
Aline,1
Larissa,1
Nair,1
Salom�,1
Renata,1
D�nia,1
Sarah,1
Victoria,1
Andreia,1
Emily,1
Anita,1
Patr�cia,1
Bia,1
Ver�nica,1
Iris,1
Serena,1
Nayara,1
Cristiana,1
Dalila,1
Cl�udia,1
L�cia,1
Carla,1
�ngela,1
Neuza,1
Simone,1
Tamara,1
Clarisse,1
Carmo,1
Raissa,1
Maiara,1
Liara,1
Eliane,1
Cristina,1
Isa,1
Samira,1
Violeta,1
Estrela,1
Melanie,1
Anna,1
Giovana,1
Val�ria,1
Micaela,1
Jacinta,1
Kiara,1
Sandra,1
Liliana,1
C�ntia,1
India,1
Liane,1
Marisa,1
Natacha,1
Rute,1
Telma,1
Ir�s,1
Eliana,1
Jade,1
Samara,1
Susana,1
C�tia,1
Elsa,1
Carina,1
M�nica,1
Ayla,1
Rebeca,1
Briana,1
Oriana,1
Aruna,1
Rosarinho,1
Alicia,1
Olivia,1
F�tima,1
Yasmine,1
Dara,1
Pen�lope,1
Helo�sa,1
Ma�sa,1
Luisa,1
Paula,1
Fl�via,1
Lya,1
Erica,1
Leticia,1
Nina,1
Aisha,1
Kayla,1
Andrea,1
Al�xia,1
Priscila,1
Evelyn,1
V�nia,1
Emilly,1
Jasmine,1
Ariane,1
Tam�ra,1
Liana,1
Elena,1
Ariele,1
Giovanna,1
Lea,1
Abigail,1
�sis,1
Cec�lia,1
Milena,1
M�rcia,1
Am�lia,1
Manuela,1
Marina,1
Ionara,1
Maya,1
Gl�ria,1
Erika,1
Samanta,1
L�via,1
Ellen,1
Solange,1
Milana,1
Simara,1
Naomi,1
Ant�nia,1
Angelina,1
Vanessa,1
Amanda,1
Zara,1
Ta�s,1
Riana,1
Ang�lica,1
Chlo�,1
Nat�lia,1
Carmen,1
Martina,1
Eunice,1
Michelle,1
Denise,1
Ciara,1
Clo�,1
Dayane,1
Esther,1
P�rola,1
Clarinha,1
Joice,1
Isadora,1
Brenda,1
T�nia,1
Jennifer,1
S�nia,1
Esperan�a,1
Stephanie,1
Ashley,1
Surya,1
Oceana,1
S�lvia,1
Mathilde,1
Suri,1
Anamar,1
Matilda,1
Cloe,1
L�dia,1
Aylla,1
Sabrina,1
Rayssa,1
Fernanda,1
Elisabete,1
Daisi,1
Geovanna,1
Iasmin,1
Ana�sa,1
Marisol,1
J�nifer,1
Lunna,1
Lisa,1
Alexia,1
Luzia,1
Eleonor,1
Mila,1
Mayra,1
Mariama,1
Ariela,1
Leandra,1
Gabriella,1
N�dia,1
Isaura,1
Ta�sa,1
Samaritana,1
Karen,1
Anaya,1
Gra�a,1
Morgana,1
Camilla,1
Sienna,1
Nayla,1
Maura,1
Yohanna,1
Zo�,1
Maia,1
Edna,1
Giulia,1
Sol,1
Angela,1
Viviane,1
Deise,1
Carol,1
Vanda,1
Nara,1
Anastasia,1
Jussara,1
Charlotte,1
Ta�ssa,1
Tha�s,1
Melinda,1
Silvana,1
Yasmim,1
Jessica,1
Ivone,1
Alexa,1
Guadalupe,1
Keyla,1
Miranda,1
C�rmen,1
Lucy,1
Celeste,1
Filomena,1
Nadine,1
Elo�,1
Ra�ssa,1
Adelina,1
Aysha,1
Hannah,1
Merc�s,1
Na�sa,1
Leah,1
Leia,1
D�lia,1
Karina,1
Kaylane,1
Arina,1
Doriana,1
Josiane,1
Regina,1
Mel�nia,1
Ana�s,1
Ariel,1
La�s,1
Hadassa,1
Sophie,1
Esmeralda,1
Lisandra,1
Su�li,1
Leila,1
Na�ma,1
Irene,1
Antonella,1
Mait�,1
Lis,1
Magda,1
Lais,1
Stella,1
Mel,1
Estela,1
Adelaide,1
Dayanne,1
Allana,1
Maira,1
Dora,1
Stefany,1
Radija,1
Aliyah,1
Gabrielly,1
Livia,1
Lyana,1
Wendy,1
Stela,1
Julia,1
Ilda,1
Annie,1
Janice,1
Ivana,1
Cataleya,1
Noah,1
Liz,1
Fatima,1
Lua,1
Fatumata,1
Sarai,1
Ainhoa,1
Alina,1
Cristiane,1
Amora,1
Branca,1
Anast�cia,1
Concha,1
Eloah,1
Rayane,1
Talita,1
Zoe,1
Keila,1
Teresinha,1
Gisela,1
Anabela,1
D�diva,1
Amelia,1
Ada,1
Joelma,1
Mya,1
No�mia,1
Mercedes,1
Nicolly,1
Jeanne,1
Dina,1
Viviana,1
Mar�lia,1
Anya,1
Fatoumata,1
L�gia,1
Gaia,1
Mirella,1
Adrielle,1
Clarice,1
Kylie,1
Eliza,1
Nancy,1
Vitoria,1
Nuna,1
Yolanda,1
Tiffany,1
F�bia,1
Francesca,1
Alycia,1
Aaliyah,1
Lina,1
Laila,1
Aya,1
Amy,1
Daisy,1
Kataleya,1
Natali,1
Elaine,1
Antonela,1
Samantha,1
Katie,1
Aria,1
S�fora,1
Lyara,1
Daiane,1
Hanna,1
Lurdes,1
Thais,1
Patricia,1
Jana�na,1
Lana,1
Ruth,1
Noemi,1
Flora,1
Siena,1
Kailane,1
Cleo,1
Selena,1
Grace,1
Savannah,1
Adriela,1
Klara,1
Marwa,1
Sanaya,1
Lav�nia,1
Kendra,1
Yangchen,1
Jasmin,1
L�lia,1
Haniela,1
Ad�lia,1
Alyssa,1
Marlene,1
Tiana,1
Aleksandra,1
Alba,1
Flavia,1
Daria,1
Sasha,1
Eline,1
Adrielly,1
Nikol,1
Agatha,1
Cinara,1
Adele,1
Margot,1
Darina,1
D�ria,1
No�mi,1
R�bia,1
Melina,1
Emanuela,1
L�a,1
Liah,1
Olga,1
Myriam,1
Sof�a,1
Andre�na,1
Niara,1
Anny,1
Aura,1
Margarita,1
Jannat,1
Ayra,1
Sancha,1
Cassandra,1
Hellen,1
Jasmim,1
C�ssia,1
Malu,1
Thayla,1
Rebecca,1
Celina,1
Saanvi,1
Andresa,1
Siara,1
Rayana,1
Jani,1
Layara,1
Anastacia,1
Aida,1
Leonilde,1
Jacira,1
Isabelly,1
Dulce,1
Nicolle,1
Emanuelly,1
Ruby,1
Mariah,1
Sheila,1
Judite,1
Bella,1
C�lia,1
Bela,1
Iriana,1
Agnes,1
Milene,1
Kamila,1
Antonia,1
Alma,1
Zoey,1
Lueji,1
Aissatou,1
Katia,1
Linda,1
Zlata,1
Nadia,1
Emiliana,1
M�ria,1
Zahra,1
Elise,1
Emilie,1
Taynara,1
Kemilly,1
Raisa,1
kyara,1
Ava,1
Viktoria,1
Anouk,1
�nia,1
Aliana,1
Laurinda,1
Lyah,1
Adama,1
Paz,1
Brianna,1
Zaya,1
Guiomar,1
Joyce,1
Rayanne,1
Leonora,1
Noor,1
Lynda,1
Khadija,1
Cheila,1
Melody,1
Rania,1
Rose,1
Magali,1
Saphira,1
Luiza,1
Isabelle,1
Aurea,1
Catalina,1
Svetlana,1
Pureza,1
Michele,1
Jasmina,1
Martinha,1
Barbara,1
Thays,1
Yuna,1
Noemy,1
Maimuna,1
Rafaella,1
Perla,1
Natasha,1
Selina,1
Carollina,1
Laryssa,1
Layla,1
Lidia,1
Sofiya,1
Sanvi,1
Graciana,1
Alessia,1
Naira,1
Benisha,1
Suzi,1
Noelle,1
Trisha,1
kelly,1
Veronica,1
Kenya,1
Qu�zia,1
Maeve,1
Lamar,1
Neiza,1
Ludmila,1
�ria,1
Helen,1
Ana�ce,1
Qu�sia,1
Jana,1
Debora,1
Juliette,1
Lyanna,1
Sam,1
Polina,1
Whitney,1
Miruna,1
Lola,1
Vilma,1
Kieza,1
Emely,1
Drielle,1
Palmira,1
Aimee,1
Hiba,1
Ros�rio,1
Ainoa,1
Delia,1
Zahara,1
Corina,1
Stefania,1
Concei��o,1
Dion�sia,1
Ellie,1
Naya,1
Mira,1
Sylvia,1
Tida,1
N�lia,1
Nayomi,1
Josiana,1
Alessandra,1
Deborah,1
Samragyee,1
Nazar�,1
Alya,1
Ishani,1
Nabiha,1
Yumi,1
Andriana,1
Arya,1
Yasmina,1
Mahira,1
Assun��o,1
Lillian,1
Gabrielle,1
T�mara,1
Moana,1
Maggie,1
Jeovana,1
Evelina,1
Dana,1
Drisana,1
Fiona,1
Yarine,1
Berta,1
Laiane,1
Ella,1
Naia,1
Biana,1
Alesia,1
Cataleia,1
Atena,1
Miguela,1
Yi,1
�lia,1
Roberta,1
Myla,1
Darlene,1
Gurneet,1
Zaira,1
Elany,1
Valqu�ria,1
Laureana,1
Jasleen,1
Josefina,1
Damiana,1
Reyanshi,1
Alissa,1
N�cia,1
M�a,1
Mariam,1
Alinne,1
Lilian,1
D�borah,1
Arfa,1
Iolanda,1
Dandara,1
El,1
Ayane,1
Salina,1
Elina,1
Tanveer,1
Lavinia,1
Melisa,1
Taciana,1
Miria,1
Tyara,1
Jessie,1
Diani,1
Tanishka,1
Emelly,1
�gatha,1
Dianna,1
Ainara,1
Yonnara,1
Yonara,1
Khloe,1
Hana,1
Tha�sa,1
Tayssa,1
Dayana,1
Zo�,1
Rosalina,1
Iria,1
Janete,1
Elysia,1
Nahary,1
Maysa,1
Ohana,1
Aylah,1
Elizabeth,1
Mirela,1
Costanza,1
Joanne,1
Engr�cia,1
N�bia,1
Michela,1
Andria,1
Luziane,1
Estef�nia,1
Ioana,1
Leena,1
Elo�h,1
Mikaela,1
Marcela,1
Yasmeen,1
Anaisa,1
Madalina,1
Sulamita,1
Liliane,1
Jael,1
Romana,1
Aryana,1
Yana,1
Kailany,1
Alda,1
Savana,1
Silvia,1
Keliane,1
Kaya,1
Luma,1
Fatimah,1
Shana,1
Daniana,1
Am�lie,1
Andressa,1
Nuria,1
Syenna,1
Inaya,1
Kassandra,1
Shivani,1
Gurseerat,1
Arianne,1
Nataniela,1
Muriel,1
Gracy,1
Augusta,1
Marieta,1
Kenzie,1
Stephany,1
Anaiza,1
Denisa,1
Nayra,1
Rachel,1
Jaslyn,1
Vittoria,1
Kate,1
Manon,1
Yanni,1
Nilda,1
Geisa,1
Cayetana,1
Yong,1
Cl�o,1
Quessia,1
Avril,1
Adriele,1
Brunna,1
L�ana,1
Lily,1
Ali�a,1
In�s,1
Ezra,1
Rosana,1
Nice,1
Bebiana,1
Zaida,1
Rayanna,1
Kauana,1
S�ria,1
L�nica,1
Marie,1
Vivian,1
Nusaiba,1
Anabel,1
Layssa,1
Emili,1
Iv�nia,1
Fel�cia,1
Loriana,1
Djamila,1
Florbela,1
Aastha,1
Nelma,1
Karolina,1
Emilia,1
Luc�a,1
Ticiana,1
Jony,1
Farzona,1
Yalanna,1
Talia,1
Laia,1
Celia,1
Vinisha,1
Seline,1
Jenna-Kelly,1
Desejada,1
Lilly,1
Taissa,1
Yohanne,1
Kimika,1
Diona,1
Ayumi,1
M�riam,1
C�line,1
Lurianny,1
Layana,1
Louana,1
�lison,1
Guilhermina,1
Tasnia,1
Anastasiya,1
Adjaymara,1
Elaynne,1
Elisianne,1
Ulainy,1
Jazmine,1
Sahla,1
Mahirah,1
Terezinha,1
Djaraye,1
Ana-Gabriela,1
Lilla,1
Clotilde,1
Djairiny,1
Evoleth,1
M�lody,1
Shanzeh,1
Pranava,1
Lirys,1
Tafida,1
Ariany,1
Zahira,1
Cl�omaidi,1
Zipora,1
Keliny,1
Elmira,1
Emilena,1
Ecclesia,1
Aia,1
Kaylani,1
Ra�za,1
Diara,1
Raysa,1
Diane,1
Lu�nia,1
Areen,1
Aureliana,1
Marieva,1
Eloane,1
Yzis,1
Sharleez,1
Joanna,1
Ruby-Ann,1
Manha,1
Maisa,1
Charlie,1
Yuxin,1
Vivianne,1
Dakshyata,1
Kyria,1
Joy,1
Jeana,1
Muzdalifah,1
K�mia,1
Ameli,1
Alayah,1
Heliany,1
Orlanda,1
Navneet,1
Nandilene,1
Kaylee,1
Dayanna,1
Antonina,1
Nyama,1
Acelya,1
Belnira,1
Oisharza,1
Djasmine,1
Watula,1
Sanda,1
L�ris,1
Anise,1
Sija,1
�dera,1
Mariyah,1
H�mlly,1
Lena,1
Ediane,1
Vladiana,1
Aavya,1
W�nica,1
Duanny,1
Valeria,1
Ashia,1
Dolkar,1
Khlo�,1
Djesmy,1
Ariella,1
Tamires,1
Milca,1
K�lly,1
Magalie,1
Biatris,1
Gabi,1
Waylla,1
�ris,1
Ryzane,1
Namal,1
Quione,1
Ranieli,1
Ellia,1
Simranjeet,1
Aashi,1
Amab�lia,1
Mayssa,1
Noara,1
Fei,1
Noely,1
Niyusha,1
Alic�a,1
Helayne,1
Eliora,1
Adji,1
Saoirse,1
Luyela,1
Riva,1
Rannyah,1
Nayamee,1
Hiron,1
Catarine,1
Kika,1
Flossie,1
Aderlyn,1
Victoire,1
Cla�sy,1
Nira,1
Daruina,1
Xingchen,1
Amirabonu,1
Hui,1
Ivi,1
Mihaela,1
Siya,1
Meri,1
Rut,1
Rumeyssa,1
Mariya,1
Cadidjatu,1
Emanuele,1
Ayleen,1
Yasmmin,1
Marine,1
Ran�a,1
Andreea,1
Daena,1
Kaillany,1
Samiyah,1
Flaviana,1
Osvaldina,1
Keula,1
Mari�h,1
Leoneza,1
Jailza,1
Khelen,1
Violetta,1
Rozyana,1
Nahara,1
Eleut�ria,1
Frantceska,1
Nalana,1
Neve,1
Yilin,1
Aluna,1
Ane,1
Ayline,1
Naimy,1
Nene,1
Helsy,1
Milen,1
Mirian,1
Aissato,1
Nassira,1
Mariluz,1
Lunah,1
Prisha,1
Veronika,1
Sargunpreet,1
Alix,1
Ludy,1
karima,1
Darena,1
Aahana,1
Naomy,1
Grishma,1
Serenna,1
Miryam,1
Elizaveta,1
Alia,1
Morgan,1
Djamily,1
Lucinda,1
Mickaela,1
Taisia,1
Shanaida,1
Jamily,1
Arisha,1
Jesuina,1
Jiniya,1
Lidiana,1
Dhriti,1
Janvi,1
Gopika,1
Heliza,1
Jodi,1
Aarvi,1
Iqra,1
Orqu�dea,1
Anely,1
Erina,1
sukhmanpreet,1
Wenya,1
My,1
Shamila,1
Nola,1
Kesia,1
Sama,1
Najua,1
Amar�lis,1
Keillany,1
Seren,1
Guilherme,1
Hadja,1
Naynara,1
Mavy,1
Marcelina,1
Yindi,1
Marjona,1
Seliny,1
Wanessa,1
Darya,1
Alae,1
Zafirah,1
Lesliane,1
Joud,1
Nika,1
Mayanne,1
Inka,1
T�sia,1
Rakaia,1
Rana,1
Jefrina,1
Eludiesa,1
Naureen,1
kamilla,1
Shevonne,1
Angel,1
Nathaniela,1
Vyctoria,1
Himanshi,1
Is�s,1
Thaissa,1
Beulah,1
Faiza,1
Leidiana,1
Alaine,1
Nuelly,1
Aayat,1
Alenia,1
Amal,1
Arlete,1
Kloeh,1
Fatumatta,1
Jiale,1
Idalina,1
Lombe,1
Gicyane,1
Lissandra,1
Marciely,1
Minu,1
Yasemin,1
Hania,1
Eduma,1
Joia,1
Ariziany,1
Rayna,1
Edite,1
Trinity,1
Mallu,1
Loraynne,1
Letizia,1
Skyla,1
Yanilda,1
St�fany,1
Imona,1
Daphne,1
Stelviane,1
kemelly,1
Zita,1
Lucia,1
Layanah,1
Janire,1
Hasina,1
Ansu,1
Zarnish,1
Sharon,1
Dishali,1
Belinda,1
Khayla,1
Djanira,1
Deisa,1
C�uma,1
Luk�nia,1
Lyla,1
Lweje,1
Abibatu,1
Dhaanvi,1
Aminata,1
Omara,1
Chesung,1
Nailah,1
Nala,1
Hyndia,1
Saloni,1
Selene,1
Leyanne,1
Gaorii,1
Aliah,1
Chanel,1
Ashera,1
Ashlley,1
Xin,1
Uriela,1
Lakiesha,1
Nadiya,1
Lubava,1
Na�rah,1
Caia,1
Zainab,1
Katelyn,1
Amina,1
Valenthina,1
Yuhanna,1
Latifah,1
Nali,1
Kellen,1
Raisha,1
Ingrid,1
Docelina,1
Ad�lia,1
Acucena,1
Dyara,1
Lou,1
Evelyna,1
Umamah,1
Nadesi,1
Udita,1
Christiane,1
Allena,1
Hazaela,1
Prveet,1
Ambar,1
Keana,1
Hoany,1
Vikt�ria,1
Sieme,1
Marielle,1
Ari,1
Otchaly,1
Liriany,1
Thaislaine,1
Jaiane,1
Ashmyrah,1
Ashree,1
Keya,1
Mora,1
Mal�,1
Bridget,1
Tabita,1
Luanna,1
Otchila,1
Ticiany,1
Pema,1
Guntash,1
Pillar,1
Jamilli,1
Maribel,1
Yanira,1
Fiyinfoluwa,1
Miracle,1
Mayla,1
Let�cea,1
Elc�nia,1
Am�rica,1
Skye,1
Alyce,1
Wen,1
Lisbon,1
Sia,1
Maily,1
Deepti,1
Lorine,1
Kelleny,1
Asal,1
Franciszka,1
Julyan,1
Nicoleta,1
�lla,1
Yazmin,1
Hou,1
Joselene,1
Iryna,1
Thamara,1
Maida,1
Eleanora,1
Rayhana,1
Chelsea,1
M�riyah,1
Adriana-Maria,1
Hallanna,1
Djenifer,1
Salahan,1
Eloisa,1
Ot�lia,1
Amelie,1
Z�lia,1
Weza,1
Jandira,1
Nidhi,1
Leya,1
Vianny,1
Sherry,1
Arisa,1
Joaquina,1
Cintia,1
Miriany,1
�lia,1
Betty,1
Analuz,1
El�onor,1
Manuella,1
Jacyanie,1
Juelma,1
Lailah,1
Helikissa,1
Ianira,1
Aitana,1
Kessya,1
Nyah,1
Aarbhi,1
Taifa,1
Jeciane,1
Anika,1
Nalani,1
Abrish,1
Eloise,1
Ranya,1
Nzola,1
Wayela,1
Ani,1
Cliralda,1
Angeline,1
Emilise,1
Rhadija,1
Mailyne,1
Suellen,1
Glena,1
Meara,1
Levinda,1
Philippa,1
Jessi,1
Raysla,1
Nilsiane,1
Thaifa,1
Dilpreet,1
I�na,1
Indianara,1
Tain�,1
Nyashia,1
Josiany,1
Edmara,1
Adel,1
Ivy,1
Jenabo,1
Rariane,1
L�na,1
Manpreet,1
Aleeya,1
Jasminy,1
Jafrin,1
Dircea,1
Jackeline,1
Weng,1
Loide,1
Kaellany,1
Adiba,1
Rayne,1
Skhushana,1
Anabelle,1
Ketura,1
Neidy,1
Kaylah,1
Chloy,1
Safiya,1
Jory,1
Orida,1
Daniella,1
Thaynara,1
Akira,1
Giseyane,1
Edianny,1
Neliany,1
Diliana,1
Roselyn,1
Gleyciane,1
Mirina,1
Consoldi,1
Na�r,1
Aneliya,1
Nico,1
Ayisha,1
Adamarisa,1
Lavinha,1
Himisha,1
Dalva,1
Cleonice,1
Feral,1
Phoebe,1
Monica,1
Juciara,1
Mariyam,1
Arminda,1
Aran,1
Al�ssya,1
Jaireet,1
Caterina,1
Japnoor,1
Uzen,1
Evlyn,1
Jobayda,1
Melodia,1
Aryanne,1
Jeshua,1
Kimberly,1
Elayne,1
Anjana,1
Radassa,1
Liliam,1
Rosalis,1
Kely,1
Pashupriya,1
Mirelle,1
Thayn�,1
Nat�rcia,1
Menaela,1
Anahi,1
Eveline,1
Aadhira,1
M�lissa,1
Abida,1
Alinny,1
Chayene,1
Querem,1
Isaac,1
Hildita,1
Elmara,1
Lewani,1
Arielly,1
Taniya,1
Milania,1
Clarissa,1
Ra�sa,1
Calini,1
Harliv,1
Louna,1
Wassindji,1
Yuet,1
Aitziber,1
Odalmis,1
Raiyat,1
Pretika,1
Athena,1
Jubaida,1
Areesha,1
Fanta,1
�zis,1
Pa�la,1
Eiman,1
Thayna,1
Lucyene,1
Emanuelle,1
Heloisa,1
Mayrah,1
Tallulah,1
Tulsi,1
Cailane,1
Ellayne,1
Jensi,1
Irinelsia,1
Nadesda,1
Navkirat,1
Cyarah,1
Yinuo,1
Fathia,1
Lanuri,1
Olinda,1
Zohra,1
Jahyna,1
Sahasi,1
�gata,1
Djasmin,1
Chiara,1
Elis,1
Mary,1
Dounia,1
Irtika,1
Caroline,1
Allyah,1
Sabina,1
Hamida,1
Swasthani,1
Lanie,1
Mehakpreet,1
Sabrin,1
Brites,1
Iliane,1
Lucie,1
Cascade,1
Faizah,1
Bhagyashri,1
Styaneth,1
Talin,1
Maarisa,1
Elcediane,1
Rio,1
Dafne,1
Nely,1
Parthia,1
Kiame,1
Leslie,1
Luo,1
Ayshane,1
Sham,1
Anaissa,1
St�fanie,1
Melani,1
Nawine,1
Nywami,1
S�ndyla,1
Dolores,1
Ayanna,1
Neah,1
Kayala,1
Loubna,1
Wamy,1
Moa,1
Onyinyechi,1
Roska,1
Jesarela,1
K�sia,1
Electra,1
M�,1
Nariane,1
Jiya,1
Adira,1
Saubhagya,1
Jordanna,1
Catiza,1
Hivana,1
Al�xis,1
Nilma,1
Sejal,1
Ayesha,1
Ac�cia,1
Cici,1
Layane,1
Ruzilina,1
Jam�lia,1
Ismaela,1
Joyanne,1
Thayra,1
Shreshta,1
Ummehani,1
Letycia,1
Kaylany,1
Pemdu,1
Ariadne,1
Aarusha,1
Aris,1
L�nira,1
Dharmika,1
Amaya,1
Maila,1
Weicy,1
Pauleta,1
Cl�ussia,1
Anhais,1
Nisrine,1
Tais,1
Warisha,1
Katheryn,1
Elin,1
Constanza,1
Ummalkhair,1
Nayma,1
Aileen,1
Wenyu,1
�dith,1
Danaya,1
Yaxi,1
Aloki,1
Naylah,1
Ilisang�la,1
Eleine,1
Alaya,1
Parneet,1
Suria,1
Mishka,1
Magn�lia,1
Anne,1
Keylla,1
Hargun,1
Lorenna,1
Alica,1
Cadidjato,1
Nathalia,1
Mylena,1
Keeley,1
Ayusha,1
S�nisia,1
Chiyora,1
Iva,1
Adela,1
�den,1
Natalina,1
Diandra,1
Melania,1
Amayres,1
Lora,1
Sisa,1
Natchali,1
Ianura,1
Susan,1
Haruna,1
Saima,1
Adilene,1
Elcana,1
Badhon,1
Djeisse,1
Djulia,1
Const�n�a,1
Tyana,1
Amrit,1
Liora,1
Iumi,1
Z�pora,1
Ar�cia,1
Sirine,1
Axelle,1
Stephane,1
Shirley,1
Solomiya,1
Dibya,1
Gracilandia,1
Khusbhu,1
Dirce,1
Jaavi,1
Prapti,1
Riyanna,1
Jos�fa,1
Yuzlem,1
Carmelinda,1
Salijha,1
Unnati,1
Danielly,1
Luka,1
Eug�nia,1
Etuwine,1
Pravani,1
Suyen,1
Varvara,1
Valery,1
Anifa,1
Nelia,1
Saliou,1
Aliette,1
Kyarah,1
C�ndida,1
Anais,1
Eden,1
Abigael,1
Thalita,1
Cassia,1
Bhargavi,1
Siddhi,1
Tafseer,1
Constance,1
Julnar,1
Shukrona,1
Didiana,1
Larah,1
Kiana,1
Jordana,1
Nusrat,1
M�rjory,1
Emelie,1
Nadyr,1
Lainey,1
Chefali,1
Dileine,1
Sihanna,1
Mayma,1
Diya,1
Mansirat,1
Tianna,1
Taylania,1
Mabel,1
Giana,1
Abilena,1
Gr�cia,1
Karine,1
Jacelma,1
Jody,1
Yannira,1
Of�lia,1
Shahrizada,1
Ruoying,1
Anaela,1
Isobel,1
Kayleigh,1
Aarushi,1
Yeva,1
Lexi,1
Nasya,1
Heloimne,1
Meiline,1
Agrika,1
Nabintou,1
Haniella,1
Th�r�se,1
Le,1
Kaella,1
Yandra,1
Thaiza,1
Damaris,1
Wisal,1
Apassara,1
Alaa,1
Nuira,1
Eul�lia,1
Sunny,1
Elizabete,1
Kushali,1
Ellie-Mai,1
Genab�,1
Aylin,1
Melyssa,1
Imren,1
Dhyani,1
Mar�a,1
Liv,1
Ilisha,1
Carole,1
Louise,1
Annali,1
Marianna,1
Ran,1
Lausiane,1
Elia,1
Thalia,1
�liva,1
Falak,1
Leonara,1
Oyhole,1
Khushali,1
Inaia,1
Nuriya,1
Keylani,1
Azucena,1
Ivna,1
Elora,1
Miris,1
Wanita,1
Suasileiny,1
Marcheline,1
Gurnaz,1
Eufr�sia,1
Adah,1
Leela,1
Mari,1
Jeevika,1
Aysla,1
Edmeicy,1
Sanbi,1
Allisha,1
Sehajpreet,1
Chidinma,1
Estera,1
Xinyan,1
Makaela,1
Ezmae-Rose,1
Preeyancy,1
Deyna,1
Ticiane,1
Fleur,1
Ayani,1
Dhanishka,1
Rehmat,1
Alanna,1
Ashna,1
Emaly,1
Fabr�cia,1
Neymara,1
Jossivana,1
Solomia,1
Biansa,1
L�nia,1
N�ria,1
Ridhampreet,1
Atalia,1
Jaanvi,1
June,1
Boni,1
Katherine,1
Kateline,1
K�nia,1
Sandrine,1
Cristele,1
Aima,1
Macrina,1
Dhara,1
Kynara,1
Nerea,1
Mardaia,1
Medeea,1
Serenella,1
Jannie,1
Suhana,1
Lingel,1
Elohim,1
Oliciana,1
Jucilda,1
Loujain,1
Eloine,1
Lili,1
Anastasiia,1
khloe,1
Savrina,1
Edzel,1
Nectaria,1
Aidie,1
Yoanna,1
�mbar,1
Subera,1
Matias,1
Sarayma,1
Nimrat,1
Lilia,1
Aniya,1
Y�smine,1
Douce,1
Peace,1
Felisberta,1
Lorraine,1
Deolinda,1
Enaya,1
Jeyza,1
Kiene,1
Annya,1
Anandy,1
Hadassah,1
Nadja,1
Theresa,1
Isamara,1
Aryanna,1
Suzana,1
Johnsiany,1
Kaellyn,1
Maryana,1
Karoline,1
Alanis,1
Marvarid,1
Casiana,1
Lays,1
V�nus,1
Bel�m,1
Yassmin,1
Jayceline,1
L�onor,1
Fat�mata,1
Xuan,1
D�sir�e,1
Nahery,1
Daliana,1
Riddhi,1
Kiari,1
Ineji,1
Dhrisha,1
Frida,1
Sargun,1
Nia,1
Anabia,1
Armanda,1
Delise,1
Malena,1
Lidiane,1
Milan,1
Kathleen,1
Natalie,1
Taraa,1
Yiting,1
Laurene,1
Alisha,1
Israe,1
Fatou,1
Alisa,1
Zarina,1
Melanye,1
Ana�s,1
Kaviya,1
Edumara,1
Gurleen,1
Iz�a,1
Miman,1
Enya,1
Princee,1
Neriah,1
Marvelous,1
Jerelis,1
Chayenne,1
Aila,1
Mariame,1
Samarah,1
Prioska,1
Nayana,1
Yanilcia,1
Emmily,1
Natanaela,1
Telany,1
Quila,1
Gargee,1
Aafiya,1
J�smine,1
Tchissola,1
Lweji,1
Alejandra,1
Eleanor,1
Imabel,1
�ris,1
Aiko,1
Sivana,1
Ananya,1
Dalia,1
Madelyn,1
Ayc�la,1
Sandrina,1
Elvi,1
Simcha,1
Tia,1
Vin�cia,1
Selma,1
Niriane,1
Cla�dia,1
Noha,1
Zeya,1
Kira,1
Victory,1
Kazandra,1
Olimpia,1
Romina,1
Tchayene,1
Leydiana,1
Cleidiane,1
Ellana,1
Hylena,1
Nauitche,1
Ligia,1
Gilciane,1
Ahlam,1
Summer,1
Emillie,1
Gl�ucia,1
Julie,1
Kateryna,1
Daira,1
Jeannette,1
Mehjabin,1
Al�nis,1
Manseerat,1
Jamila,1
Kristina,1
Lucymira,1
Nydia,1
Ley,1
Bisman,1
Daina,1
Amie,1
Nayir,1
Domingas,1
Anwita,1
Loryane,1
Ranyelle,1
Pandora,1
Geovana,1
Princy,1
Brienny,1
Ziying,1
Kayah,1
Anisa,1
Hadnna,1
Kyra,1
Mila-Jade,1
Mayeli,1
Ruthy,1
Oluwatolamise,1
Tha�ssa,1
Humaira,1
Belvea,1
Nalin,1
Xiwen,1
Imaculada,1
Indie,1
Laciara,1
Maltide,1
Laetitia,1
Tazmeen,1
Chayyliel,1
Elisabethe,1
Nurya,1
Ianina,1
Esperanza,1
Ziai,1
Simina,1
Amaris,1
Lice,1
Blake,1
Heidi,1
Luanny,1
Jociely,1
Nilza,1
Celine,1
Jaqueline,1
Sania,1
Thain�,1
Darcy,1
Vanilla,1
Aiza,1
Alanya,1
Jeiza,1
Kayra,1
Ivania,1
Chaiene,1
Nycole,1
Malak,1
Neima,1
Bryana,1
Yanah,1
Tajem,1
Penda,1
Teya,1
Mikiphung,1
Ivlin,1
Florence,1
Djenyffer,1
Miramar,1
Ussulayne,1
Edera,1
Raiane,1
Leili,1
Chenxi,1
Alyssia,1
Tainara,1
Hellena,1
Shaan,1
Tawhida,1
Juxaline,1
Aua,1
Meyrine,1
Mariela,1
Iracema,1
Elli,1
Djenabu,1
Elis�ngela,1
H�l�ne,1
Kwayela,1
Marly,1
Jannatul,1
Cinthya,1
Pamela,1
Edsana,1
Priyancy,1
Wilma,1
Ayaat,1
Nelissa,1
Simrah,1
Suriel,1
�ryan,1
Krisha,1
Paty,1
Tissiane,1
Kaylla,1
Sin,1
Kyasme,1
Taiba,1
Lovyusa,1
Keren-Hapuc,1
Aditi,1
Dircy,1
YANA,1
Kaissy,1
Tchinossole,1
Aayushi,1
Herm�nia,1
Sarina,1
Tahyra,1
Tyesha,1
Mei,1
Deepnoor,1
Milla,1
Maria-Florentina,1
Claire,1
Bimisha,1
An,1
Delilah,1
Supreet,1
Luara,1
Iasmina,1
Eila,1
Vishakha,1
Amuza,1
Maryjane,1
Lizania,1
Zoya,1
Aroob,1
Hazal,1
Nafisa,1
Aliza,1
Orelma,1
Quratulain,1
Yoana,1
Shafiya,1
Hang,1
S�ozinha,1
Chupriya,1
Lavinya,1
Ileana-Mary,1
Elienai,1
Gursharan,1
Itiel,1
Julcineide,1
Ra�sa,1
Johanna,1
Leonela,1
K�mi,1
Queen,1
Al�cia,1
Tamila,1
Aadilah,1
Robin,1
Kellyne,1
Juana,1
Nila,1
Emah,1
Madaleyne,1
Mati,1
Guida,1
Jussana,1
Yavika,1
Mohanna,1
Elissa,1
Xinyao,1
Thaiba,1
Afna,1
An�sia,1
Aliane,1
Miri�,1
Wilka,1
Kanza,1
Virginia,1
Eleane,1
Clairmi,1
Evanilda,1
Pushti,1
Etienny,1
Vitalina,1
Lile,1
Thandie,1
Radyja,1
Eliseba,1
Sumaia,1
Krishna,1
Mantima,1
Ima,1
Simona,1
Linn�a,1
Rubina,1
Youna,1
Ilena,1
Arianna,1
Milenna,1
Ayana,1
MATILDE,1
Etiandra,1
Nirdha,1
Maskura,1
Niharika,1
Samina,1
Zenilda,1
Prisma,1
Skylar,1
Luc�lia,1
Yura,1
Kavya,1
Silviana,1
Gabryella,1
Otchally,1
Alaia,1
Stefanie,1
Jamira,1
Ruxanda,1
Geanina,1
Narcisa,1
Chantal,1
Valpuri,1
Neide,1
Dannyelle,1
Priyanshi,1
Emanuella,1
Evelin,1
Preciosa,1
Em�liia,1
Mahzabeen,1
Ledice,1
Nayole,1
Thaylla,1
Maryam,1
Judinela,1
Caren,1
Clarian,1
Suvechya,1
Elianna,1
Leone,1
Klementina,1
Chioma,1
�rsula,1
Iymona,1
Larisa,1
Dainora,1
Quezia,1
Ivete,1
Elsiane,1
Thianna,1
Vicky,1
Odile,1
Liyana,1
Naila,1
May,1
Zafira,1
Afrodith,1
Nayr,1
Aarohi,1
Stefka,1
Warassy,1
Israela,1
Zi,1
Oct�via,1
Ayhnara,1
Fabiane,1
Lyane,1
Ela,1
La�se,1
Kadiatou,1
Alayna,1
Virg�nia,1
Gursirat,1
Aizel,1
Roopleen,1
Azmina,1
Brigite,1
Liza,1
Lila,1
Nityashree,1
Ena�la,1
Janira,1
Chand�rcia,1
Evren,1
Lumi,1
Farnaz,1
Nora,1
Yarin,1
Auzenda,1
Haylinne,1
Thaynn�,1
Inaaya,1
L�cia,1
Rand,1
Camu,1
Rainhasha,1
Uomou,1
Mall�,1
Mahjavin,1
Nikole,1
Kidyami,1
Georgete,1
Hajra,1
�yanne,1
Jesika,1
Natalia,1
Adora,1
Garime,1
Mansoon,1
Ehma,1
Aliseti,1
Astrid,1
Bhavjot,1
Chrisdianne,1
Ohara,1
Yage,1
Waline,1
Abby,1
Jasseerat,1
Naima,1
Jhuly,1
El�cia,1
Kandes,1
Loredana,1
Yulana,1
Raelli,1
Naten�n,1
Hadasa,1
Maitreyee,1
A�sha,1
Aaribah,1
Stacy,1
Evali,1
Marlise,1
Carrem,1
Carmela,1
Suleima,1
karina,1
Aalijah,1
Megan,1
Zasira,1
Ilis,1
Assiyah,1
Kadiatu,1
Odilia,1
Aroseveer,1
Bibiana,1
Oc�ane,1
Kesiah,1
Yohana,1
Shaina,1
Rawanne,1
Heidilana,1
Nilt�nia,1
Al�ssia,1
Martha,1
L�ria,1
Caroliny,1
Adriella,1
Pearl,1
Eileen,1
Nomi,1
Zaairah,1
Mailly,1
Camille,1
Japasneet,1
Jessiane,1
Yummi,1
Elainne,1
Adriely,1
Ath�lia,1
Lauryn,1
Sthefany,1
Anabiya,1
Selm�lia,1
Louren�a,1
Kimmy,1
Yamy,1
Shreya,1
Aelis,1
Otisha,1
Beatrice,1
Elisete,1
Elisama,1
Calina,1
Ravneet,1
Edyane,1
Kehlani,1
Sana,1
Ayssa,1
Preet,1
Vanusa,1
Gislene,1
Milucy,1
Wissal,1
Cl�mentine,1
Deiane,1
Yusineth,1
Jasline,1
Elinaria,1
Aninha,1
Nayol,1
Rhythm,1
Charlize,1
Khiana,1
Micaella,1
Eliska,1
Xenia,1
Dayara,1
Alisyn,1
Lyra,1
Tamarta,1
Imani,1
Yarely,1
Tamay,1
H�lia,1
Yangzom,1
Arshvir,1
Di,1
Ge�rgia,1
Ot�lia,1
Cattleya,1
V�vian,1
Aryela,1
Iman,1
Scarlet,1
Aarya,1
Alyne,1
Bani,1
�rika,1
Nery,1
Hassanatos�,1
Lindsay,1
Ankita,1
Leeann,1
Ernestina,1
Gininha,1
Kauane,1
Swadhi,1
Bernardina,1
Melana,1
Purnima,1
Eugenia,1
Kaila,1
Faroumara,1
Priscilla,1
Yulihanny,1
Makayla,1
�ndia,1
Jenna,1
Graziela,1
Parinaaz,1
Laiyanne,1
Luany,1
Ermelinda,1
Catherine,1
Afra,1
Lukeny,1
Z�ia,1
Adhele,1
Dayany,1
Benilde,1
Harsirat,1
Dristi,1
Cidiana,1
Liany,1
Geiza,1
Ekaterina,1
Haylla,1
Mayza,1
Maimunatu,1