Karina,0
Kaylane,0
Arina,0
Doriana,0
Josiane,0
Regina,0
Melânia,0
Anaís,0
Ariel,0
Laís,0
Hadassa,0
Sophie,0
Esmeralda,0
Lisandra,0
Suéli,0
Leila,0
Naíma,0
Irene,0
Antonella,0
Maitê,0
Lis,0
Magda,0
Lais,0
Stella,0
Mel,0
Estela,0
Adelaide,0
Dayanne,0
Allana,0
Maira,0
Dora,0
Stefany,0
Radija,0
Aliyah,0
Gabrielly,0
Livia,0
Lyana,0
Wendy,0
Stela,0
Julia,0
Ilda,0
Annie,0
Janice,0
Ivana,0
Cataleya,0
Noah,0
Liz,0
Fatima,0
Lua,0
Fatumata,0
Sarai,0
Ainhoa,0
Alina,0
Valentin,1
Aarav,1
Kirill,1
Andrei,1
Mohamed,1
Dénis,1
Abner,1
Roman,1
Adolfo,1
Gilberto,1
Óscar,1
Daví,1
Artem,1
Kelson,1
Ayan,1
Antonio,1
Timur,1
Lyan,1
Ruan,1
Louis,1
Salomão,1
Simon,1
Willian,1
Dávi,1
Matthew,1
Romeo,1
Kauan,1
Iago,1
Tobias,1
Nilson,1
Kayden,1
Mílton,1
Ahmed,1
Ibrahima,1
Julian,1
Agostinho,1
Lenny,1
Abraim,1
Eliel,1
Hendrick,1
Aleks,1
Vinícius,1
Ethan,1
Allan,1
Abdullah,1
Jacob,1
Kevyn,1
Nikolas,1
Edmar,1
Nikita,1
Vlad,1
Murilo,1
Baltasar,1
Acácio,1
Elijah,1
Yaroslav,1
Dino,1
Jeremias,1
Válter,1
Anselmo,1
Licínio,1
Djeison,1
Baltazar,1
René,1
Edmilson,1
Aleksandr,1
Thierry,1